defect,polarization,chain_blocks_m,max_rel_err_G00
light,in-plane,5,1.1546e+00
light,out-of-plane,5,6.6087e-01
light,in-plane,10,6.3600e-01
light,out-of-plane,10,2.7282e-01
light,in-plane,20,4.2467e-01
light,out-of-plane,20,1.5504e-01
light,in-plane,40,1.3541e-01
light,out-of-plane,40,4.7904e-02
light,in-plane,60,5.1875e-02
light,out-of-plane,60,1.2727e-02
light,in-plane,80,2.0598e-02
light,out-of-plane,80,4.0559e-03
light,in-plane,120,2.6475e-03
light,out-of-plane,120,6.4100e-04
light,in-plane,160,3.4404e-04
light,out-of-plane,160,2.5048e-05
light,in-plane,200,4.3768e-05
light,out-of-plane,200,1.2799e-05
light,in-plane,240,5.0492e-06
light,out-of-plane,240,6.4422e-07
heavy,in-plane,5,1.6751e+00
heavy,out-of-plane,5,1.9567e-01
heavy,in-plane,10,5.2501e-01
heavy,out-of-plane,10,7.9564e-02
heavy,in-plane,20,3.7606e-01
heavy,out-of-plane,20,3.9143e-02
heavy,in-plane,40,1.4819e-01
heavy,out-of-plane,40,1.2206e-02
heavy,in-plane,60,6.3167e-02
heavy,out-of-plane,60,4.4372e-03
heavy,in-plane,80,2.2309e-02
heavy,out-of-plane,80,1.4269e-03
heavy,in-plane,120,2.7908e-03
heavy,out-of-plane,120,1.0767e-04
heavy,in-plane,160,3.5170e-04
heavy,out-of-plane,160,1.3462e-05
heavy,in-plane,200,1.8206e-05
heavy,out-of-plane,200,2.2065e-06
heavy,in-plane,240,2.1652e-06
heavy,out-of-plane,240,1.0989e-07
