defect,omega,rho_x,rho_z
light,0.05000,6.279342e-03,1.682626e-01
light,0.10000,1.422487e-02,1.865878e-01
light,0.15000,2.171531e-02,1.955403e-01
light,0.20000,2.903916e-02,2.066757e-01
light,0.25000,3.623834e-02,2.230446e-01
light,0.30000,4.308615e-02,2.546882e-01
light,0.35000,5.031084e-02,3.959860e-01
light,0.40000,5.774312e-02,4.489598e-01
light,0.45000,6.577588e-02,2.251271e-01
light,0.50000,7.616857e-02,7.203108e-02
light,0.55000,9.328790e-02,7.250489e-02
light,0.60000,1.339218e-01,1.063212e-01
light,0.65000,1.290692e-01,1.224772e-01
light,0.70000,1.182683e-01,1.642705e-01
light,0.75000,1.117018e-01,2.190986e-01
light,0.80000,1.092261e-01,2.394197e-01
light,0.85000,1.129359e-01,2.423248e-01
light,0.90000,8.028279e-02,2.317053e-01
light,0.95000,5.145051e-02,2.055678e-01
light,1.00000,4.431109e-02,1.519951e-01
light,1.05000,4.138155e-02,6.318090e-02
light,1.10000,3.995353e-02,4.829629e-02
light,1.15000,3.943888e-02,5.436995e-02
light,1.20000,3.958132e-02,7.218971e-02
light,1.25000,4.064059e-02,1.089622e-01
light,1.30000,4.407879e-02,1.904420e-01
light,1.35000,6.363285e-02,4.166645e-01
light,1.40000,1.684015e-02,1.442744e+00
light,1.44000,8.224143e-03,8.199554e+00
light,1.45000,7.427423e-03,1.192769e+01
light,1.45500,7.113110e-03,1.250964e+01
light,1.46000,6.843908e-03,1.162680e+01
light,1.50000,5.860748e-03,2.078738e+00
light,1.55000,9.201391e-03,5.610156e-01
light,1.60000,1.403377e-02,2.570907e-01
light,1.65000,1.463040e-02,1.489391e-01
light,1.70000,1.661405e-02,9.824125e-02
light,1.75000,2.203110e-02,7.032989e-02
light,1.80000,2.204099e-02,5.325439e-02
light,1.85000,1.537407e-02,4.199968e-02
light,1.90000,5.733071e-03,3.415847e-02
light,1.95000,4.369638e-03,2.845616e-02
light,2.00000,4.115225e-03,2.416543e-02
light,2.05000,4.165030e-03,2.084595e-02
light,2.10000,4.369142e-03,1.821806e-02
light,2.15000,4.687059e-03,1.609694e-02
light,2.20000,5.110990e-03,1.435632e-02
light,2.25000,5.648032e-03,1.290744e-02
light,2.30000,6.315494e-03,1.168633e-02
light,2.35000,7.140605e-03,1.064591e-02
light,2.40000,8.162571e-03,9.750861e-03
light,2.45000,9.436792e-03,8.974237e-03
light,2.50000,1.104198e-02,8.295176e-03
light,2.55000,1.309188e-02,7.697304e-03
light,2.60000,1.575482e-02,7.167613e-03
light,2.65000,1.928777e-02,6.695658e-03
light,2.70000,2.409784e-02,6.272962e-03
light,2.75000,3.086020e-02,5.892587e-03
light,2.80000,4.075965e-02,5.548802e-03
light,2.85000,5.602898e-02,5.236839e-03
light,2.90000,8.128557e-02,4.952703e-03
light,2.95000,1.273627e-01,4.693021e-03
light,3.00000,2.247576e-01,4.454931e-03
light,3.05000,4.880689e-01,4.235989e-03
light,3.10000,1.652596e+00,4.034096e-03
light,3.14000,9.160971e+00,3.883631e-03
light,3.15000,1.354056e+01,3.847441e-03
light,3.15500,1.443613e+01,3.829551e-03
light,3.16000,1.363354e+01,3.811796e-03
light,3.17000,9.318064e+00,3.776687e-03
light,3.20000,2.422336e+00,3.674454e-03
light,3.25000,6.322403e-01,3.513770e-03
heavy,0.01000,1.685168e-02,1.331699e+00
heavy,0.02000,4.926936e-02,3.410752e+00
heavy,0.03000,9.187381e-02,4.781910e+00
heavy,0.04000,1.393106e-01,5.468822e+00
heavy,0.05000,2.040141e-01,5.689525e+00
heavy,0.06000,2.748497e-01,5.609304e+00
heavy,0.07000,3.383807e-01,5.347096e+00
heavy,0.08000,4.046589e-01,4.988023e+00
heavy,0.09000,4.812009e-01,4.590008e+00
heavy,0.10000,5.927437e-01,4.189551e+00
heavy,0.11000,7.084055e-01,3.807520e+00
heavy,0.12000,8.255774e-01,3.454251e+00
heavy,0.13000,9.488511e-01,3.133557e+00
heavy,0.14000,1.079939e+00,2.845645e+00
heavy,0.15000,1.279911e+00,2.588761e+00
heavy,0.16000,1.498561e+00,2.359904e+00
heavy,0.17000,1.710095e+00,2.155849e+00
heavy,0.18000,1.930236e+00,1.973969e+00
heavy,0.19000,2.173364e+00,1.811390e+00
heavy,0.20000,2.495660e+00,1.665137e+00
heavy,0.21000,2.815425e+00,1.533502e+00
heavy,0.22000,3.104823e+00,1.414527e+00
heavy,0.23000,3.304364e+00,1.305988e+00
heavy,0.24000,3.533327e+00,1.207107e+00
heavy,0.25000,3.751584e+00,1.116328e+00
heavy,0.26000,3.820160e+00,1.032245e+00
heavy,0.27000,3.799405e+00,9.545724e-01
heavy,0.28000,3.639977e+00,8.817570e-01
heavy,0.29000,3.519411e+00,8.132662e-01
heavy,0.30000,3.346496e+00,7.485594e-01
heavy,0.35000,2.124770e+00,4.916996e-01
heavy,0.40000,1.292201e+00,4.595910e-01
heavy,0.45000,8.285960e-01,6.934528e-01
heavy,0.50000,5.565950e-01,3.448394e-01
heavy,0.55000,3.872714e-01,1.577381e-01
heavy,0.60000,3.009965e-01,1.203581e-01
heavy,0.65000,2.936766e-01,9.333189e-02
heavy,0.70000,2.790921e-01,7.666789e-02
heavy,0.75000,2.625468e-01,6.678616e-02
heavy,0.80000,2.494128e-01,5.688390e-02
heavy,0.85000,2.478008e-01,4.826930e-02
heavy,0.90000,3.375392e-01,4.107750e-02
heavy,0.95000,2.598062e-01,3.508854e-02
heavy,1.00000,1.638964e-01,2.993755e-02
heavy,1.05000,1.109554e-01,2.537768e-02
heavy,1.10000,8.206000e-02,2.259652e-02
heavy,1.15000,6.393862e-02,2.045084e-02
heavy,1.20000,5.177434e-02,1.864279e-02
heavy,1.25000,4.329737e-02,1.708317e-02
heavy,1.30000,3.757985e-02,1.572131e-02
heavy,1.35000,3.672549e-02,1.452203e-02
heavy,1.40000,2.037785e-02,1.345885e-02
heavy,1.45000,1.634705e-02,1.251102e-02
heavy,1.50000,1.449474e-02,1.166185e-02
heavy,1.55000,1.360512e-02,1.089774e-02
heavy,1.60000,1.268264e-02,1.020744e-02
heavy,1.65000,1.209618e-02,9.581563e-03
heavy,1.70000,1.136914e-02,9.012203e-03
heavy,1.75000,1.079060e-02,8.492658e-03
heavy,1.80000,1.001685e-02,8.017207e-03
heavy,1.85000,8.986413e-03,7.580941e-03
heavy,1.90000,8.005985e-03,7.179627e-03
heavy,1.95000,7.475210e-03,6.809593e-03
