host,defect,coupling,polarization,chain_blocks_m,max_rel_err_G00
non-polar,light,scaled,in-plane,5,9.8150e-01
non-polar,light,scaled,out-of-plane,5,6.7612e-01
non-polar,light,scaled,in-plane,10,6.4385e-01
non-polar,light,scaled,out-of-plane,10,2.8038e-01
non-polar,light,scaled,in-plane,20,4.4629e-01
non-polar,light,scaled,out-of-plane,20,1.3783e-01
non-polar,light,scaled,in-plane,40,1.6024e-01
non-polar,light,scaled,out-of-plane,40,5.2549e-02
non-polar,light,scaled,in-plane,60,4.8597e-02
non-polar,light,scaled,out-of-plane,60,1.0319e-02
non-polar,light,scaled,in-plane,80,1.1614e-02
non-polar,light,scaled,out-of-plane,80,3.6153e-03
non-polar,light,scaled,in-plane,120,3.6722e-04
non-polar,light,scaled,out-of-plane,120,2.1910e-04
non-polar,light,scaled,in-plane,160,1.4260e-07
non-polar,light,scaled,out-of-plane,160,7.2980e-06
non-polar,light,scaled,in-plane,200,1.1428e-13
non-polar,light,scaled,out-of-plane,200,2.1253e-07
non-polar,heavy,scaled,in-plane,5,1.4486e+00
non-polar,heavy,scaled,out-of-plane,5,1.9368e-01
non-polar,heavy,scaled,in-plane,10,5.7830e-01
non-polar,heavy,scaled,out-of-plane,10,8.1080e-02
non-polar,heavy,scaled,in-plane,20,3.8162e-01
non-polar,heavy,scaled,out-of-plane,20,4.1568e-02
non-polar,heavy,scaled,in-plane,40,1.7834e-01
non-polar,heavy,scaled,out-of-plane,40,1.5287e-02
non-polar,heavy,scaled,in-plane,60,3.0726e-02
non-polar,heavy,scaled,out-of-plane,60,3.6702e-03
non-polar,heavy,scaled,in-plane,80,3.4621e-03
non-polar,heavy,scaled,out-of-plane,80,1.2850e-03
non-polar,heavy,scaled,in-plane,120,9.4845e-05
non-polar,heavy,scaled,out-of-plane,120,7.7616e-05
non-polar,heavy,scaled,in-plane,160,3.8931e-08
non-polar,heavy,scaled,out-of-plane,160,1.6925e-06
non-polar,heavy,scaled,in-plane,200,1.0397e-13
non-polar,heavy,scaled,out-of-plane,200,7.5278e-08
polar,light,scaled,in-plane,5,9.2229e-01
polar,light,scaled,out-of-plane,5,6.7612e-01
polar,light,scaled,in-plane,10,7.1122e-01
polar,light,scaled,out-of-plane,10,2.8036e-01
polar,light,scaled,in-plane,20,4.5559e-01
polar,light,scaled,out-of-plane,20,1.3941e-01
polar,light,scaled,in-plane,40,1.6067e-01
polar,light,scaled,out-of-plane,40,5.1334e-02
polar,light,scaled,in-plane,60,5.2503e-02
polar,light,scaled,out-of-plane,60,1.0215e-02
polar,light,scaled,in-plane,80,1.4019e-02
polar,light,scaled,out-of-plane,80,3.6493e-03
polar,light,scaled,in-plane,120,2.3251e-04
polar,light,scaled,out-of-plane,120,1.8539e-04
polar,light,scaled,in-plane,160,4.8764e-10
polar,light,scaled,out-of-plane,160,1.4393e-05
polar,light,scaled,in-plane,200,1.2855e-13
polar,light,scaled,out-of-plane,200,2.2515e-09
polar,light,naive,in-plane,5,9.2416e-01
polar,light,naive,out-of-plane,5,6.7612e-01
polar,light,naive,in-plane,10,7.3535e-01
polar,light,naive,out-of-plane,10,2.8036e-01
polar,light,naive,in-plane,20,4.4946e-01
polar,light,naive,out-of-plane,20,1.3941e-01
polar,light,naive,in-plane,40,1.5615e-01
polar,light,naive,out-of-plane,40,5.1334e-02
polar,light,naive,in-plane,60,6.4196e-02
polar,light,naive,out-of-plane,60,1.0215e-02
polar,light,naive,in-plane,80,2.5788e-02
polar,light,naive,out-of-plane,80,3.6493e-03
polar,light,naive,in-plane,120,1.9580e-02
polar,light,naive,out-of-plane,120,1.8539e-04
polar,light,naive,in-plane,160,1.9604e-02
polar,light,naive,out-of-plane,160,1.4393e-05
polar,light,naive,in-plane,200,1.9604e-02
polar,light,naive,out-of-plane,200,2.2515e-09
polar,heavy,scaled,in-plane,5,1.4717e+00
polar,heavy,scaled,out-of-plane,5,1.9368e-01
polar,heavy,scaled,in-plane,10,5.8395e-01
polar,heavy,scaled,out-of-plane,10,8.0969e-02
polar,heavy,scaled,in-plane,20,3.9164e-01
polar,heavy,scaled,out-of-plane,20,4.1748e-02
polar,heavy,scaled,in-plane,40,1.5794e-01
polar,heavy,scaled,out-of-plane,40,1.5311e-02
polar,heavy,scaled,in-plane,60,2.1359e-02
polar,heavy,scaled,out-of-plane,60,3.6365e-03
polar,heavy,scaled,in-plane,80,4.5643e-03
polar,heavy,scaled,out-of-plane,80,1.2971e-03
polar,heavy,scaled,in-plane,120,5.2920e-05
polar,heavy,scaled,out-of-plane,120,6.5677e-05
polar,heavy,scaled,in-plane,160,9.6858e-11
polar,heavy,scaled,out-of-plane,160,2.3685e-06
polar,heavy,scaled,in-plane,200,6.8982e-14
polar,heavy,scaled,out-of-plane,200,3.7051e-10
polar,heavy,naive,in-plane,5,1.4492e+00
polar,heavy,naive,out-of-plane,5,1.9368e-01
polar,heavy,naive,in-plane,10,6.0128e-01
polar,heavy,naive,out-of-plane,10,8.0969e-02
polar,heavy,naive,in-plane,20,4.2067e-01
polar,heavy,naive,out-of-plane,20,4.1748e-02
polar,heavy,naive,in-plane,40,1.7283e-01
polar,heavy,naive,out-of-plane,40,1.5311e-02
polar,heavy,naive,in-plane,60,4.4556e-02
polar,heavy,naive,out-of-plane,60,3.6365e-03
polar,heavy,naive,in-plane,80,4.5340e-02
polar,heavy,naive,out-of-plane,80,1.2971e-03
polar,heavy,naive,in-plane,120,4.3479e-02
polar,heavy,naive,out-of-plane,120,6.5677e-05
polar,heavy,naive,in-plane,160,4.3479e-02
polar,heavy,naive,out-of-plane,160,2.3685e-06
polar,heavy,naive,in-plane,200,4.3479e-02
polar,heavy,naive,out-of-plane,200,3.7051e-10
