path_coordinate,kx,ky,omega_in_1,omega_in_2,omega_in_3,omega_in_4,omega_out_1,omega_out_2
0.000000,0.000000,0.000000,0.000000,0.000000,1.629063,1.629063,0.000000,1.030310
0.016622,0.014395,-0.008311,0.007352,0.015883,1.629080,1.629087,0.000035,1.030274
0.033244,0.028790,-0.016622,0.014703,0.031763,1.629132,1.629158,0.000141,1.030168
0.049867,0.043186,-0.024933,0.022052,0.047640,1.629217,1.629277,0.000317,1.029990
0.066489,0.057581,-0.033244,0.029397,0.063511,1.629337,1.629444,0.000564,1.029741
0.083111,0.071976,-0.041555,0.036738,0.079374,1.629492,1.629658,0.000882,1.029421
0.099733,0.086371,-0.049867,0.044073,0.095228,1.629680,1.629919,0.001269,1.029030
0.116355,0.100767,-0.058178,0.051401,0.111069,1.629902,1.630226,0.001727,1.028568
0.132977,0.115162,-0.066489,0.058721,0.126897,1.630158,1.630580,0.002255,1.028035
0.149600,0.129557,-0.074800,0.066032,0.142709,1.630447,1.630980,0.002854,1.027432
0.166222,0.143952,-0.083111,0.073333,0.158504,1.630770,1.631425,0.003522,1.026758
0.182844,0.158348,-0.091422,0.080622,0.174279,1.631126,1.631916,0.004260,1.026013
0.199466,0.172743,-0.099733,0.087898,0.190033,1.631515,1.632451,0.005068,1.025199
0.216088,0.187138,-0.108044,0.095161,0.205763,1.631936,1.633029,0.005945,1.024314
0.232711,0.201533,-0.116355,0.102409,0.221468,1.632390,1.633651,0.006891,1.023359
0.249333,0.215928,-0.124666,0.109640,0.237145,1.632876,1.634316,0.007907,1.022335
0.265955,0.230324,-0.132977,0.116855,0.252793,1.633394,1.635022,0.008992,1.021241
0.282577,0.244719,-0.141289,0.124051,0.268410,1.633943,1.635770,0.010145,1.020078
0.299199,0.259114,-0.149600,0.131228,0.283994,1.634523,1.636557,0.011367,1.018846
0.315821,0.273509,-0.157911,0.138385,0.299543,1.635134,1.637384,0.012656,1.017546
0.332444,0.287905,-0.166222,0.145520,0.315055,1.635775,1.638249,0.014014,1.016177
0.349066,0.302300,-0.174533,0.152632,0.330528,1.636446,1.639151,0.015440,1.014739
0.365688,0.316695,-0.182844,0.159720,0.345960,1.637146,1.640090,0.016932,1.013234
0.382310,0.331090,-0.191155,0.166783,0.361350,1.637875,1.641064,0.018492,1.011662
0.398932,0.345486,-0.199466,0.173820,0.376695,1.638633,1.642072,0.020118,1.010022
0.415555,0.359881,-0.207777,0.180830,0.391993,1.639418,1.643114,0.021811,1.008315
0.432177,0.374276,-0.216088,0.187812,0.407243,1.640231,1.644187,0.023569,1.006542
0.448799,0.388671,-0.224399,0.194764,0.422443,1.641070,1.645291,0.025393,1.004703
0.465421,0.403067,-0.232711,0.201686,0.437590,1.641936,1.646425,0.027283,1.002798
0.482043,0.417462,-0.241022,0.208576,0.452684,1.642827,1.647586,0.029237,1.000829
0.498666,0.431857,-0.249333,0.215434,0.467721,1.643744,1.648775,0.031255,0.998794
0.515288,0.446252,-0.257644,0.222258,0.482701,1.644684,1.649989,0.033337,0.996695
0.531910,0.460647,-0.265955,0.229047,0.497621,1.645649,1.651227,0.035483,0.994532
0.548532,0.475043,-0.274266,0.235801,0.512480,1.646637,1.652489,0.037691,0.992306
0.565154,0.489438,-0.282577,0.242517,0.527276,1.647648,1.653771,0.039962,0.990017
0.581776,0.503833,-0.290888,0.249196,0.542006,1.648680,1.655074,0.042294,0.987666
0.598399,0.518228,-0.299199,0.255836,0.556669,1.649734,1.656395,0.044689,0.985253
0.615021,0.532624,-0.307510,0.262436,0.571263,1.650808,1.657734,0.047143,0.982779
0.631643,0.547019,-0.315821,0.268995,0.585787,1.651902,1.659088,0.049659,0.980244
0.648265,0.561414,-0.324133,0.275512,0.600238,1.653014,1.660456,0.052233,0.977649
0.664887,0.575809,-0.332444,0.281986,0.614615,1.654146,1.661836,0.054867,0.974995
0.681510,0.590205,-0.340755,0.288416,0.628915,1.655295,1.663228,0.057559,0.972282
0.698132,0.604600,-0.349066,0.294800,0.643138,1.656461,1.664629,0.060309,0.969511
0.714754,0.618995,-0.357377,0.301139,0.657281,1.657643,1.666038,0.063116,0.966683
0.731376,0.633390,-0.365688,0.307431,0.671342,1.658840,1.667453,0.065980,0.963798
0.747998,0.647785,-0.373999,0.313675,0.685320,1.660052,1.668873,0.068899,0.960857
0.764620,0.662181,-0.382310,0.319870,0.699213,1.661278,1.670296,0.071873,0.957861
0.781243,0.676576,-0.390621,0.326015,0.713019,1.662516,1.671721,0.074902,0.954810
0.797865,0.690971,-0.398932,0.332109,0.726737,1.663767,1.673145,0.077984,0.951705
0.814487,0.705366,-0.407243,0.338151,0.740364,1.665030,1.674568,0.081119,0.948548
0.831109,0.719762,-0.415555,0.344140,0.753898,1.666303,1.675988,0.084305,0.945338
0.847731,0.734157,-0.423866,0.350076,0.767339,1.667585,1.677403,0.087543,0.942077
0.864354,0.748552,-0.432177,0.355957,0.780684,1.668877,1.678812,0.090831,0.938766
0.880976,0.762947,-0.440488,0.361783,0.793932,1.670177,1.680213,0.094168,0.935405
0.897598,0.777343,-0.448799,0.367552,0.807080,1.671484,1.681604,0.097553,0.931996
0.914220,0.791738,-0.457110,0.373264,0.820128,1.672798,1.682984,0.100986,0.928539
0.930842,0.806133,-0.465421,0.378918,0.833072,1.674117,1.684352,0.104466,0.925036
0.947464,0.820528,-0.473732,0.384513,0.845913,1.675441,1.685705,0.107991,0.921487
0.964087,0.834924,-0.482043,0.390048,0.858647,1.676770,1.687043,0.111560,0.917893
0.980709,0.849319,-0.490354,0.395522,0.871273,1.678101,1.688364,0.115173,0.914256
0.997331,0.863714,-0.498666,0.400934,0.883789,1.679435,1.689667,0.118828,0.910576
1.013953,0.878109,-0.506977,0.406284,0.896193,1.680770,1.690949,0.122524,0.906856
1.030575,0.892504,-0.515288,0.411570,0.908485,1.682106,1.692210,0.126261,0.903095
1.047198,0.906900,-0.523599,0.416793,0.920661,1.683442,1.693448,0.130036,0.899295
1.063820,0.921295,-0.531910,0.421950,0.932721,1.684776,1.694663,0.133849,0.895458
1.080442,0.935690,-0.540221,0.427042,0.944662,1.686109,1.695851,0.137699,0.891584
1.097064,0.950085,-0.548532,0.432067,0.956483,1.687440,1.697013,0.141583,0.887675
1.113686,0.964481,-0.556843,0.437026,0.968182,1.688767,1.698147,0.145502,0.883732
1.130308,0.978876,-0.565154,0.441916,0.979756,1.690089,1.699252,0.149453,0.879757
1.146931,0.993271,-0.573465,0.446737,0.991205,1.691407,1.700327,0.153434,0.875751
1.163553,1.007666,-0.581776,0.451488,1.002527,1.692718,1.701370,0.157445,0.871716
1.180175,1.022062,-0.590088,0.456170,1.013719,1.694023,1.702380,0.161484,0.867653
1.196797,1.036457,-0.598399,0.460780,1.024780,1.695321,1.703357,0.165550,0.863564
1.213419,1.050852,-0.606710,0.465319,1.035707,1.696610,1.704300,0.169640,0.859450
1.230042,1.065247,-0.615021,0.469785,1.046500,1.697890,1.705207,0.173753,0.855313
1.246664,1.079642,-0.623332,0.474178,1.057156,1.699160,1.706078,0.177888,0.851155
1.263286,1.094038,-0.631643,0.478498,1.067672,1.700420,1.706911,0.182042,0.846978
1.279908,1.108433,-0.639954,0.482743,1.078049,1.701668,1.707707,0.186213,0.842784
1.296530,1.122828,-0.648265,0.486913,1.088282,1.702904,1.708464,0.190400,0.838574
1.313152,1.137223,-0.656576,0.491007,1.098370,1.704128,1.709183,0.194601,0.834351
1.329775,1.151619,-0.664887,0.495025,1.108312,1.705337,1.709862,0.198812,0.830116
1.346397,1.166014,-0.673198,0.498966,1.118104,1.706533,1.710500,0.203033,0.825873
1.363019,1.180409,-0.681510,0.502829,1.127746,1.707713,1.711099,0.207261,0.821623
1.379641,1.194804,-0.689821,0.506614,1.137234,1.708878,1.711657,0.211494,0.817369
1.396263,1.209200,-0.698132,0.510321,1.146567,1.710026,1.712174,0.215728,0.813114
1.412886,1.223595,-0.706443,0.513948,1.155742,1.711157,1.712650,0.219962,0.808859
1.429508,1.237990,-0.714754,0.517495,1.164757,1.712270,1.713085,0.224193,0.804608
1.446130,1.252385,-0.723065,0.520962,1.173610,1.713365,1.713479,0.228417,0.800363
1.462752,1.266781,-0.731376,0.524348,1.182297,1.713833,1.714441,0.232632,0.796128
1.479374,1.281176,-0.739687,0.527652,1.190818,1.714147,1.715497,0.236835,0.791906
1.495997,1.295571,-0.747998,0.530875,1.199168,1.714421,1.716532,0.241022,0.787699
1.512619,1.309966,-0.756309,0.534015,1.207347,1.714655,1.717547,0.245190,0.783512
1.529241,1.324361,-0.764620,0.537072,1.215350,1.714851,1.718540,0.249336,0.779348
1.545863,1.338757,-0.772932,0.540046,1.223175,1.715009,1.719511,0.253455,0.775210
1.562485,1.353152,-0.781243,0.542935,1.230819,1.715131,1.720460,0.257545,0.771103
1.579107,1.367547,-0.789554,0.545741,1.238280,1.715216,1.721385,0.261600,0.767030
1.595730,1.381942,-0.797865,0.548462,1.245555,1.715267,1.722286,0.265617,0.762996
1.612352,1.396338,-0.806176,0.551097,1.252640,1.715284,1.723163,0.269591,0.759006
1.628974,1.410733,-0.814487,0.553647,1.259532,1.715270,1.724015,0.273517,0.755064
1.645596,1.425128,-0.822798,0.556112,1.266228,1.715224,1.724842,0.277391,0.751174
1.662218,1.439523,-0.831109,0.558489,1.272726,1.715150,1.725643,0.281208,0.747343
1.678841,1.453919,-0.839420,0.560781,1.279020,1.715050,1.726418,0.284961,0.743575
1.695463,1.468314,-0.847731,0.562985,1.285109,1.714924,1.727166,0.288646,0.739876
1.712085,1.482709,-0.856042,0.565101,1.290988,1.714775,1.727887,0.292257,0.736252
1.728707,1.497104,-0.864354,0.567130,1.296655,1.714605,1.728580,0.295787,0.732709
1.745329,1.511499,-0.872665,0.569072,1.302105,1.714417,1.729245,0.299231,0.729252
1.761951,1.525895,-0.880976,0.570924,1.307335,1.714213,1.729882,0.302582,0.725889
1.778574,1.540290,-0.889287,0.572688,1.312341,1.713995,1.730491,0.305834,0.722626
1.795196,1.554685,-0.897598,0.574364,1.317119,1.713766,1.731070,0.308979,0.719470
1.811818,1.569080,-0.905909,0.575950,1.321666,1.713529,1.731620,0.312012,0.716427
1.828440,1.583476,-0.914220,0.577447,1.325978,1.713286,1.732140,0.314923,0.713506
1.845062,1.597871,-0.922531,0.578854,1.330052,1.713040,1.732630,0.317707,0.710713
1.861685,1.612266,-0.930842,0.580172,1.333883,1.712793,1.733090,0.320356,0.708055
1.878307,1.626661,-0.939153,0.581399,1.337468,1.712549,1.733519,0.322863,0.705540
1.894929,1.641057,-0.947464,0.582537,1.340804,1.712310,1.733917,0.325220,0.703175
1.911551,1.655452,-0.955776,0.583584,1.343887,1.712079,1.734285,0.327421,0.700968
1.928173,1.669847,-0.964087,0.584540,1.346714,1.711858,1.734621,0.329457,0.698925
1.944795,1.684242,-0.972398,0.585406,1.349282,1.711650,1.734926,0.331324,0.697053
1.961418,1.698637,-0.980709,0.586181,1.351588,1.711457,1.735199,0.333013,0.695358
1.978040,1.713033,-0.989020,0.586865,1.353630,1.711281,1.735440,0.334520,0.693847
1.994662,1.727428,-0.997331,0.587458,1.355404,1.711124,1.735649,0.335837,0.692526
2.011284,1.741823,-1.005642,0.587960,1.356910,1.710988,1.735827,0.336962,0.691398
2.027906,1.756218,-1.013953,0.588371,1.358144,1.710875,1.735972,0.337888,0.690469
2.044529,1.770614,-1.022264,0.588691,1.359106,1.710785,1.736085,0.338612,0.689743
2.061151,1.785009,-1.030575,0.588919,1.359793,1.710721,1.736166,0.339131,0.689222
2.077773,1.799404,-1.038886,0.589056,1.360206,1.710682,1.736215,0.339444,0.688908
2.094395,1.813799,-1.047198,0.589102,1.360344,1.710669,1.736231,0.339548,0.688804
2.110959,1.822082,-1.032852,0.589258,1.360331,1.710332,1.736561,0.339583,0.688769
2.127524,1.830364,-1.018507,0.589726,1.360293,1.709370,1.737505,0.339687,0.688665
2.144088,1.838646,-1.004162,0.590505,1.360230,1.707897,1.738948,0.339859,0.688492
2.160653,1.846928,-0.989817,0.591591,1.360141,1.706040,1.740761,0.340101,0.688249
2.177217,1.855210,-0.975472,0.592983,1.360028,1.703909,1.742837,0.340412,0.687938
2.193781,1.863492,-0.961127,0.594677,1.359890,1.701581,1.745097,0.340791,0.687557
2.210346,1.871775,-0.946781,0.596666,1.359728,1.699114,1.747484,0.341240,0.687108
2.226910,1.880057,-0.932436,0.598946,1.359542,1.696544,1.749959,0.341757,0.686589
2.243475,1.888339,-0.918091,0.601511,1.359333,1.693900,1.752496,0.342342,0.686002
2.260039,1.896621,-0.903746,0.604352,1.359102,1.691200,1.755076,0.342996,0.685346
2.276603,1.904903,-0.889401,0.607464,1.358849,1.688457,1.757686,0.343718,0.684622
2.293168,1.913186,-0.875055,0.610836,1.358575,1.685681,1.760313,0.344508,0.683829
2.309732,1.921468,-0.860710,0.614461,1.358282,1.682880,1.762952,0.345367,0.682969
2.326296,1.929750,-0.846365,0.618329,1.357969,1.680059,1.765596,0.346292,0.682041
2.342861,1.938032,-0.832020,0.622429,1.357638,1.677224,1.768239,0.347285,0.681045
2.359425,1.946314,-0.817675,0.626753,1.357290,1.674377,1.770879,0.348345,0.679982
2.375990,1.954597,-0.803330,0.631288,1.356927,1.671522,1.773511,0.349473,0.678851
2.392554,1.962879,-0.788984,0.636025,1.356549,1.668661,1.776133,0.350666,0.677655
2.409118,1.971161,-0.774639,0.640951,1.356158,1.665796,1.778742,0.351926,0.676391
2.425683,1.979443,-0.760294,0.646055,1.355756,1.662929,1.781335,0.353252,0.675062
2.442247,1.987725,-0.745949,0.651326,1.355344,1.660062,1.783912,0.354643,0.673667
2.458811,1.996008,-0.731604,0.656752,1.354923,1.657196,1.786470,0.356099,0.672207
2.475376,2.004290,-0.717259,0.662321,1.354495,1.654332,1.789007,0.357621,0.670681
2.491940,2.012572,-0.702913,0.668021,1.354063,1.651472,1.791521,0.359206,0.669092
2.508505,2.020854,-0.688568,0.673839,1.353627,1.648617,1.794012,0.360856,0.667438
2.525069,2.029136,-0.674223,0.679764,1.353190,1.645767,1.796477,0.362568,0.665721
2.541633,2.037418,-0.659878,0.685784,1.352755,1.642924,1.798916,0.364344,0.663941
2.558198,2.045701,-0.645533,0.691886,1.352322,1.640088,1.801326,0.366182,0.662098
2.574762,2.053983,-0.631188,0.698058,1.351894,1.637261,1.803707,0.368082,0.660193
2.591326,2.062265,-0.616842,0.704289,1.351474,1.634444,1.806056,0.370044,0.658227
2.607891,2.070547,-0.602497,0.710565,1.351064,1.631637,1.808374,0.372066,0.656200
2.624455,2.078829,-0.588152,0.716876,1.350666,1.628842,1.810658,0.374148,0.654113
2.641020,2.087112,-0.573807,0.723209,1.350282,1.626059,1.812908,0.376289,0.651967
2.657584,2.095394,-0.559462,0.729553,1.349916,1.623290,1.815122,0.378489,0.649762
2.674148,2.103676,-0.545117,0.735895,1.349569,1.620535,1.817298,0.380748,0.647498
2.690713,2.111958,-0.530771,0.742225,1.349244,1.617796,1.819437,0.383063,0.645178
2.707277,2.120240,-0.516426,0.748531,1.348944,1.615073,1.821536,0.385434,0.642802
2.723841,2.128523,-0.502081,0.754801,1.348671,1.612369,1.823594,0.387861,0.640370
2.740406,2.136805,-0.487736,0.761025,1.348428,1.609684,1.825610,0.390342,0.637883
2.756970,2.145087,-0.473391,0.767190,1.348217,1.607019,1.827584,0.392877,0.635343
2.773535,2.153369,-0.459046,0.773287,1.348040,1.604377,1.829513,0.395464,0.632751
2.790099,2.161651,-0.444700,0.779305,1.347900,1.601758,1.831397,0.398102,0.630108
2.806663,2.169933,-0.430355,0.785232,1.347799,1.599165,1.833235,0.400790,0.627414
2.823228,2.178216,-0.416010,0.791060,1.347740,1.596599,1.835026,0.403527,0.624672
2.839792,2.186498,-0.401665,0.796776,1.347723,1.594061,1.836768,0.406311,0.621883
2.856356,2.194780,-0.387320,0.802373,1.347751,1.591555,1.838460,0.409141,0.619048
2.872921,2.203062,-0.372974,0.807839,1.347825,1.589083,1.840102,0.412015,0.616170
2.889485,2.211344,-0.358629,0.813166,1.347946,1.586645,1.841692,0.414930,0.613250
2.906050,2.219627,-0.344284,0.818344,1.348115,1.584247,1.843230,0.417885,0.610289
2.922614,2.227909,-0.329939,0.823366,1.348332,1.581889,1.844714,0.420878,0.607292
2.939178,2.236191,-0.315594,0.828222,1.348597,1.579575,1.846143,0.423906,0.604259
2.955743,2.244473,-0.301249,0.832904,1.348910,1.577309,1.847517,0.426966,0.601194
2.972307,2.252755,-0.286903,0.837406,1.349270,1.575094,1.848835,0.430055,0.598101
2.988872,2.261038,-0.272558,0.841719,1.349674,1.572933,1.850095,0.433169,0.594984
3.005436,2.269320,-0.258213,0.845838,1.350122,1.570831,1.851296,0.436303,0.591845
3.022000,2.277602,-0.243868,0.849757,1.350609,1.568791,1.852439,0.439452,0.588692
3.038565,2.285884,-0.229523,0.853468,1.351132,1.566819,1.853521,0.442611,0.585529
3.055129,2.294166,-0.215178,0.856969,1.351687,1.564920,1.854543,0.445773,0.582363
3.071693,2.302449,-0.200832,0.860253,1.352269,1.563098,1.855504,0.448929,0.579204
3.088258,2.310731,-0.186487,0.863318,1.352872,1.561360,1.856401,0.452069,0.576060
3.104822,2.319013,-0.172142,0.866159,1.353489,1.559710,1.857236,0.455182,0.572945
3.121387,2.327295,-0.157797,0.868775,1.354113,1.558155,1.858007,0.458252,0.569871
3.137951,2.335577,-0.143452,0.871162,1.354737,1.556702,1.858714,0.461263,0.566858
3.154515,2.343859,-0.129107,0.873320,1.355350,1.555357,1.859356,0.464192,0.563926
3.171080,2.352142,-0.114761,0.875247,1.355944,1.554126,1.859932,0.467013,0.561103
3.187644,2.360424,-0.100416,0.876943,1.356508,1.553017,1.860442,0.469693,0.558421
3.204208,2.368706,-0.086071,0.878408,1.357033,1.552035,1.860885,0.472192,0.555920
3.220773,2.376988,-0.071726,0.879643,1.357507,1.551189,1.861261,0.474464,0.553646
3.237337,2.385270,-0.057381,0.880649,1.357920,1.550484,1.861570,0.476454,0.551655
3.253902,2.393553,-0.043036,0.881426,1.358260,1.549926,1.861810,0.478101,0.550007
3.270466,2.401835,-0.028690,0.881979,1.358515,1.549522,1.861983,0.479342,0.548765
3.287030,2.410117,-0.014345,0.882308,1.358677,1.549276,1.862086,0.480119,0.547989
3.303595,2.418399,0.000000,0.882417,1.358732,1.549193,1.862121,0.480384,0.547723
3.320273,2.401721,0.000000,0.882308,1.358673,1.549278,1.862086,0.480110,0.547997
3.336952,2.385042,0.000000,0.881982,1.358487,1.549535,1.861980,0.479293,0.548815
3.353631,2.368363,0.000000,0.881443,1.358166,1.549965,1.861804,0.477956,0.550152
3.370309,2.351685,0.000000,0.880695,1.357704,1.550570,1.861558,0.476144,0.551965
3.386988,2.335006,0.000000,0.879742,1.357094,1.551347,1.861241,0.473911,0.554200
3.403666,2.318327,0.000000,0.878590,1.356330,1.552297,1.860854,0.471313,0.556800
3.420345,2.301649,0.000000,0.877241,1.355408,1.553415,1.860396,0.468404,0.559711
3.437024,2.284970,0.000000,0.875701,1.354325,1.554697,1.859867,0.465232,0.562885
3.453702,2.268292,0.000000,0.873974,1.353080,1.556139,1.859269,0.461838,0.566282
3.470381,2.251613,0.000000,0.872065,1.351671,1.557733,1.858601,0.458257,0.569867
3.487059,2.234934,0.000000,0.869978,1.350097,1.559473,1.857863,0.454516,0.573611
3.503738,2.218256,0.000000,0.867719,1.348361,1.561352,1.857055,0.450639,0.577492
3.520417,2.201577,0.000000,0.865291,1.346462,1.563360,1.856179,0.446645,0.581490
3.537095,2.184899,0.000000,0.862699,1.344404,1.565489,1.855235,0.442550,0.585590
3.553774,2.168220,0.000000,0.859949,1.342188,1.567730,1.854222,0.438367,0.589779
3.570453,2.151541,0.000000,0.857043,1.339817,1.570073,1.853142,0.434106,0.594045
3.587131,2.134863,0.000000,0.853987,1.337293,1.572509,1.851996,0.429777,0.598380
3.603810,2.118184,0.000000,0.850785,1.334621,1.575029,1.850783,0.425387,0.602776
3.620488,2.101505,0.000000,0.847440,1.331803,1.577622,1.849506,0.420943,0.607227
3.637167,2.084827,0.000000,0.843958,1.328841,1.580280,1.848164,0.416450,0.611727
3.653846,2.068148,0.000000,0.840342,1.325740,1.582994,1.846758,0.411914,0.616271
3.670524,2.051470,0.000000,0.836595,1.322502,1.585754,1.845290,0.407338,0.620855
3.687203,2.034791,0.000000,0.832722,1.319129,1.588554,1.843760,0.402726,0.625475
3.703881,2.018112,0.000000,0.828726,1.315624,1.591383,1.842170,0.398083,0.630127
3.720560,2.001434,0.000000,0.824611,1.311989,1.594235,1.840520,0.393410,0.634809
3.737239,1.984755,0.000000,0.820380,1.308227,1.597103,1.838812,0.388711,0.639517
3.753917,1.968077,0.000000,0.816036,1.304340,1.599978,1.837047,0.383989,0.644250
3.770596,1.951398,0.000000,0.811583,1.300329,1.602855,1.835227,0.379245,0.649005
3.787275,1.934719,0.000000,0.807024,1.296195,1.605727,1.833351,0.374482,0.653779
3.803953,1.918041,0.000000,0.802361,1.291940,1.608588,1.831423,0.369701,0.658570
3.820632,1.901362,0.000000,0.797598,1.287565,1.611433,1.829444,0.364906,0.663378
3.837310,1.884683,0.000000,0.792738,1.283070,1.614255,1.827414,0.360097,0.668199
3.853989,1.868005,0.000000,0.787783,1.278458,1.617052,1.825336,0.355276,0.673032
3.870668,1.851326,0.000000,0.782736,1.273727,1.619816,1.823211,0.350446,0.677876
3.887346,1.834648,0.000000,0.777599,1.268878,1.622545,1.821041,0.345607,0.682728
3.904025,1.817969,0.000000,0.772375,1.263911,1.625235,1.818827,0.340761,0.687588
3.920703,1.801290,0.000000,0.767066,1.258827,1.627880,1.816571,0.335909,0.692453
3.937382,1.784612,0.000000,0.761675,1.253625,1.630479,1.814276,0.331054,0.697323
3.954061,1.767933,0.000000,0.756205,1.248306,1.633027,1.811942,0.326197,0.702196
3.970739,1.751255,0.000000,0.750656,1.242868,1.635522,1.809571,0.321338,0.707070
3.987418,1.734576,0.000000,0.745031,1.237311,1.637961,1.807166,0.316479,0.711945
4.004097,1.717897,0.000000,0.739333,1.231635,1.640342,1.804728,0.311622,0.716818
4.020775,1.701219,0.000000,0.733564,1.225838,1.642661,1.802260,0.306767,0.721690
4.037454,1.684540,0.000000,0.727724,1.219922,1.644917,1.799763,0.301916,0.726557
4.054132,1.667861,0.000000,0.721817,1.213883,1.647108,1.797238,0.297071,0.731420
4.070811,1.651183,0.000000,0.715845,1.207723,1.649232,1.794689,0.292232,0.736277
4.087490,1.634504,0.000000,0.709808,1.201439,1.651288,1.792117,0.287401,0.741126
4.104168,1.617826,0.000000,0.703709,1.195031,1.653274,1.789524,0.282578,0.745967
4.120847,1.601147,0.000000,0.697549,1.188499,1.655188,1.786913,0.277766,0.750799
4.137525,1.584468,0.000000,0.691331,1.181840,1.657030,1.784284,0.272964,0.755619
4.154204,1.567790,0.000000,0.685056,1.175055,1.658799,1.781640,0.268175,0.760428
4.170883,1.551111,0.000000,0.678725,1.168141,1.660494,1.778983,0.263399,0.765224
4.187561,1.534433,0.000000,0.672340,1.161099,1.662113,1.776316,0.258637,0.770006
4.204240,1.517754,0.000000,0.665903,1.153927,1.663658,1.773639,0.253891,0.774772
4.220918,1.501075,0.000000,0.659415,1.146624,1.665126,1.770956,0.249162,0.779522
4.237597,1.484397,0.000000,0.652878,1.139190,1.666518,1.768267,0.244451,0.784255
4.254276,1.467718,0.000000,0.646293,1.131623,1.667834,1.765575,0.239758,0.788969
4.270954,1.451039,0.000000,0.639662,1.123923,1.669073,1.762882,0.235085,0.793663
4.287633,1.434361,0.000000,0.632985,1.116088,1.670236,1.760189,0.230433,0.798337
4.304312,1.417682,0.000000,0.626265,1.108118,1.671322,1.757499,0.225803,0.802989
4.320990,1.401004,0.000000,0.619503,1.100013,1.672331,1.754813,0.221196,0.807618
4.337669,1.384325,0.000000,0.612700,1.091770,1.673265,1.752133,0.216613,0.812224
4.354347,1.367646,0.000000,0.605858,1.083391,1.674123,1.749460,0.212056,0.816805
4.371026,1.350968,0.000000,0.598977,1.074874,1.674905,1.746797,0.207524,0.821360
4.387705,1.334289,0.000000,0.592059,1.066219,1.675613,1.744145,0.203019,0.825888
4.404383,1.317611,0.000000,0.585106,1.057424,1.676247,1.741506,0.198542,0.830388
4.421062,1.300932,0.000000,0.578119,1.048491,1.676807,1.738880,0.194094,0.834860
4.437740,1.284253,0.000000,0.571098,1.039418,1.677295,1.736271,0.189676,0.839302
4.454419,1.267575,0.000000,0.564045,1.030205,1.677711,1.733678,0.185289,0.843713
4.471098,1.250896,0.000000,0.556962,1.020853,1.678056,1.731104,0.180934,0.848092
4.487776,1.234217,0.000000,0.549849,1.011360,1.678331,1.728550,0.176611,0.852439
4.504455,1.217539,0.000000,0.542707,1.001727,1.678537,1.726017,0.172322,0.856752
4.521134,1.200860,0.000000,0.535539,0.991954,1.678675,1.723507,0.168068,0.861030
4.537812,1.184182,0.000000,0.528344,0.982041,1.678746,1.721021,0.163850,0.865274
4.554491,1.167503,0.000000,0.521125,0.971988,1.678752,1.718559,0.159668,0.869480
4.571169,1.150824,0.000000,0.513881,0.961796,1.678694,1.716124,0.155523,0.873650
4.587848,1.134146,0.000000,0.506615,0.951464,1.678572,1.713715,0.151417,0.877781
4.604527,1.117467,0.000000,0.499327,0.940994,1.678389,1.711336,0.147350,0.881873
4.621205,1.100789,0.000000,0.492019,0.930385,1.678145,1.708985,0.143323,0.885925
4.637884,1.084110,0.000000,0.484691,0.919639,1.677843,1.706664,0.139336,0.889936
4.654562,1.067431,0.000000,0.477344,0.908755,1.677483,1.704375,0.135392,0.893905
4.671241,1.050753,0.000000,0.469980,0.897736,1.677067,1.702118,0.131490,0.897832
4.687920,1.034074,0.000000,0.462599,0.886580,1.676596,1.699894,0.127631,0.901716
4.704598,1.017396,0.000000,0.455203,0.875290,1.676072,1.697705,0.123817,0.905555
4.721277,1.000717,0.000000,0.447792,0.863866,1.675497,1.695549,0.120047,0.909349
4.737956,0.984038,0.000000,0.440368,0.852310,1.674871,1.693430,0.116324,0.913097
4.754634,0.967360,0.000000,0.432931,0.840622,1.674198,1.691347,0.112647,0.916799
4.771313,0.950681,0.000000,0.425482,0.828803,1.673477,1.689301,0.109017,0.920453
4.787991,0.934002,0.000000,0.418022,0.816855,1.672710,1.687293,0.105436,0.924059
4.804670,0.917324,0.000000,0.410553,0.804779,1.671900,1.685325,0.101903,0.927616
4.821349,0.900645,0.000000,0.403074,0.792577,1.671048,1.683396,0.098421,0.931123
4.838027,0.883967,0.000000,0.395587,0.780249,1.670154,1.681507,0.094988,0.934579
4.854706,0.867288,0.000000,0.388092,0.767797,1.669222,1.679660,0.091607,0.937984
4.871384,0.850609,0.000000,0.380591,0.755223,1.668252,1.677854,0.088277,0.941337
4.888063,0.833931,0.000000,0.373084,0.742529,1.667246,1.676091,0.085001,0.944638
4.904742,0.817252,0.000000,0.365571,0.729715,1.666206,1.674371,0.081777,0.947885
4.921420,0.800574,0.000000,0.358055,0.716784,1.665135,1.672693,0.078607,0.951077
4.938099,0.783895,0.000000,0.350534,0.703737,1.664035,1.671058,0.075492,0.954215
4.954778,0.767216,0.000000,0.343011,0.690576,1.662908,1.669465,0.072432,0.957298
4.971456,0.750538,0.000000,0.335485,0.677303,1.661758,1.667913,0.069428,0.960324
4.988135,0.733859,0.000000,0.327958,0.663920,1.660588,1.666401,0.066480,0.963294
5.004813,0.717180,0.000000,0.320430,0.650429,1.659403,1.664927,0.063590,0.966206
5.021492,0.700502,0.000000,0.312901,0.636831,1.658207,1.663488,0.060757,0.969061
5.038171,0.683823,0.000000,0.305372,0.623129,1.657005,1.662082,0.057982,0.971856
5.054849,0.667145,0.000000,0.297844,0.609324,1.655802,1.660707,0.055267,0.974592
5.071528,0.650466,0.000000,0.290317,0.595420,1.654601,1.659360,0.052611,0.977269
5.088206,0.633787,0.000000,0.282792,0.581417,1.653407,1.658039,0.050015,0.979885
5.104885,0.617109,0.000000,0.275269,0.567318,1.652225,1.656741,0.047479,0.982440
5.121564,0.600430,0.000000,0.267748,0.553126,1.651058,1.655467,0.045005,0.984934
5.138242,0.583752,0.000000,0.260231,0.538841,1.649908,1.654214,0.042592,0.987366
5.154921,0.567073,0.000000,0.252716,0.524468,1.648780,1.652982,0.040242,0.989735
5.171600,0.550394,0.000000,0.245206,0.510007,1.647674,1.651770,0.037954,0.992041
5.188278,0.533716,0.000000,0.237699,0.495461,1.646593,1.650579,0.035729,0.994284
5.204957,0.517037,0.000000,0.230197,0.480833,1.645539,1.649409,0.033568,0.996462
5.221635,0.500358,0.000000,0.222699,0.466125,1.644512,1.648260,0.031471,0.998576
5.238314,0.483680,0.000000,0.215206,0.451339,1.643515,1.647134,0.029438,1.000626
5.254993,0.467001,0.000000,0.207718,0.436478,1.642548,1.646030,0.027470,1.002610
5.271671,0.450323,0.000000,0.200235,0.421544,1.641612,1.644950,0.025567,1.004528
5.288350,0.433644,0.000000,0.192757,0.406539,1.640708,1.643895,0.023730,1.006380
5.305028,0.416965,0.000000,0.185285,0.391466,1.639836,1.642867,0.021960,1.008165
5.321707,0.400287,0.000000,0.177818,0.376327,1.638996,1.641866,0.020255,1.009883
5.338386,0.383608,0.000000,0.170357,0.361126,1.638189,1.640894,0.018618,1.011535
5.355064,0.366930,0.000000,0.162901,0.345863,1.637416,1.639952,0.017047,1.013118
5.371743,0.350251,0.000000,0.155451,0.330543,1.636676,1.639041,0.015545,1.014633
5.388422,0.333572,0.000000,0.148007,0.315167,1.635970,1.638162,0.014109,1.016081
5.405100,0.316894,0.000000,0.140567,0.299738,1.635298,1.637318,0.012742,1.017459
5.421779,0.300215,0.000000,0.133133,0.284259,1.634660,1.636509,0.011444,1.018769
5.438457,0.283536,0.000000,0.125705,0.268732,1.634056,1.635735,0.010214,1.020009
5.455136,0.266858,0.000000,0.118281,0.253159,1.633486,1.635000,0.009053,1.021180
5.471815,0.250179,0.000000,0.110862,0.237544,1.632951,1.634303,0.007961,1.022281
5.488493,0.233501,0.000000,0.103448,0.221889,1.632450,1.633645,0.006938,1.023312
5.505172,0.216822,0.000000,0.096039,0.206197,1.631984,1.633028,0.005985,1.024273
5.521850,0.200143,0.000000,0.088634,0.190470,1.631552,1.632453,0.005102,1.025164
5.538529,0.183465,0.000000,0.081233,0.174710,1.631154,1.631921,0.004289,1.025984
5.555208,0.166786,0.000000,0.073835,0.158922,1.630791,1.631431,0.003546,1.026734
5.571886,0.150108,0.000000,0.066441,0.143106,1.630463,1.630986,0.002873,1.027412
5.588565,0.133429,0.000000,0.059051,0.127266,1.630169,1.630586,0.002271,1.028020
5.605244,0.116750,0.000000,0.051663,0.111405,1.629910,1.630232,0.001739,1.028556
5.621922,0.100072,0.000000,0.044278,0.095525,1.629685,1.629923,0.001278,1.029021
5.638601,0.083393,0.000000,0.036895,0.079629,1.629495,1.629661,0.000888,1.029415
5.655279,0.066714,0.000000,0.029514,0.063719,1.629339,1.629446,0.000568,1.029737
5.671958,0.050036,0.000000,0.022134,0.047799,1.629219,1.629279,0.000320,1.029988
5.688637,0.033357,0.000000,0.014755,0.031870,1.629132,1.629159,0.000142,1.030167
5.705315,0.016679,0.000000,0.007377,0.015937,1.629080,1.629087,0.000036,1.030274
5.721994,0.000000,0.000000,0.000000,0.000000,1.629063,1.629063,0.000000,1.030310
