omega,rho_in_plane,rho_out_of_plane
0.00000,5.926851e-03,8.140548e-01
0.00125,7.452009e-03,9.481183e-01
0.00250,9.248850e-03,1.076640e+00
0.00375,1.133305e-02,1.194754e+00
0.00500,1.370756e-02,1.298873e+00
0.00625,1.635830e-02,1.386993e+00
0.00750,1.925227e-02,1.458703e+00
0.00875,2.233888e-02,1.514936e+00
0.01000,2.555558e-02,1.557565e+00
0.01125,2.883674e-02,1.588941e+00
0.01250,3.212423e-02,1.611482e+00
0.01375,3.537659e-02,1.627378e+00
0.01500,3.857442e-02,1.638431e+00
0.01625,4.172061e-02,1.646017e+00
0.01750,4.483512e-02,1.651137e+00
0.01875,4.794698e-02,1.654505e+00
0.02000,5.108538e-02,1.656648e+00
0.02125,5.427319e-02,1.657984e+00
0.02250,5.752358e-02,1.658863e+00
0.02375,6.083954e-02,1.659591e+00
0.02500,6.421481e-02,1.660416e+00
0.02625,6.763508e-02,1.661515e+00
0.02750,7.107848e-02,1.662979e+00
0.02875,7.451626e-02,1.664810e+00
0.03000,7.791468e-02,1.666935e+00
0.03125,8.124026e-02,1.669235e+00
0.03250,8.446731e-02,1.671579e+00
0.03375,8.758716e-02,1.673853e+00
0.03500,9.061524e-02,1.675990e+00
0.03625,9.359227e-02,1.677971e+00
0.03750,9.657768e-02,1.679825e+00
0.03875,9.963497e-02,1.681616e+00
0.04000,1.028124e-01,1.683426e+00
0.04125,1.061250e-01,1.685336e+00
0.04250,1.095454e-01,1.687419e+00
0.04375,1.130071e-01,1.689730e+00
0.04500,1.164218e-01,1.692302e+00
0.04625,1.197054e-01,1.695148e+00
0.04750,1.228062e-01,1.698259e+00
0.04875,1.257235e-01,1.701611e+00
0.05000,1.285109e-01,1.705160e+00
0.05125,1.312637e-01,1.708842e+00
0.05250,1.340915e-01,1.712575e+00
0.05375,1.370886e-01,1.716253e+00
0.05500,1.403081e-01,1.719760e+00
0.05625,1.437501e-01,1.722979e+00
0.05750,1.473651e-01,1.725810e+00
0.05875,1.510702e-01,1.728188e+00
0.06000,1.547718e-01,1.730099e+00
0.06125,1.583872e-01,1.731580e+00
0.06250,1.618578e-01,1.732719e+00
0.06375,1.651537e-01,1.733637e+00
0.06500,1.682701e-01,1.734475e+00
0.06625,1.712196e-01,1.735373e+00
0.06750,1.740270e-01,1.736457e+00
0.06875,1.767270e-01,1.737826e+00
0.07000,1.793660e-01,1.739545e+00
0.07125,1.820035e-01,1.741637e+00
0.07250,1.847088e-01,1.744082e+00
0.07375,1.875515e-01,1.746827e+00
0.07500,1.905869e-01,1.749792e+00
0.07625,1.938399e-01,1.752889e+00
0.07750,1.972963e-01,1.756038e+00
0.07875,2.009044e-01,1.759179e+00
0.08000,2.045904e-01,1.762274e+00
0.08125,2.082809e-01,1.765301e+00
0.08250,2.119270e-01,1.768248e+00
0.08375,2.155186e-01,1.771093e+00
0.08500,2.190841e-01,1.773811e+00
0.08625,2.226741e-01,1.776372e+00
0.08750,2.263355e-01,1.778761e+00
0.08875,2.300853e-01,1.780993e+00
0.09000,2.338954e-01,1.783130e+00
0.09125,2.376958e-01,1.785280e+00
0.09250,2.413939e-01,1.787581e+00
0.09375,2.449055e-01,1.790175e+00
0.09500,2.481830e-01,1.793171e+00
0.09625,2.512318e-01,1.796615e+00
0.09750,2.541072e-01,1.800475e+00
0.09875,2.568944e-01,1.804648e+00
0.10000,2.596794e-01,1.808982e+00
0.10125,2.625234e-01,1.813314e+00
0.10250,2.654488e-01,1.817504e+00
0.10375,2.684410e-01,1.821459e+00
0.10500,2.714636e-01,1.825135e+00
0.10625,2.744780e-01,1.828525e+00
0.10750,2.774587e-01,1.831639e+00
0.10875,2.804002e-01,1.834480e+00
0.11000,2.833127e-01,1.837041e+00
0.11125,2.862141e-01,1.839311e+00
0.11250,2.891217e-01,1.841289e+00
0.11375,2.920514e-01,1.843015e+00
0.11500,2.950227e-01,1.844576e+00
0.11625,2.980683e-01,1.846104e+00
0.11750,3.012394e-01,1.847755e+00
0.11875,3.046028e-01,1.849680e+00
0.12000,3.082253e-01,1.851987e+00
0.12125,3.121497e-01,1.854721e+00
0.12250,3.163694e-01,1.857863e+00
0.12375,3.208126e-01,1.861344e+00
0.12500,3.253438e-01,1.865071e+00
0.12625,3.297852e-01,1.868954e+00
0.12750,3.339545e-01,1.872924e+00
0.12875,3.377082e-01,1.876936e+00
0.13000,3.409767e-01,1.880958e+00
0.13125,3.437809e-01,1.884961e+00
0.13250,3.462237e-01,1.888906e+00
0.13375,3.484627e-01,1.892745e+00
0.13500,3.506691e-01,1.896427e+00
0.13625,3.529901e-01,1.899912e+00
0.13750,3.555232e-01,1.903177e+00
0.13875,3.583084e-01,1.906219e+00
0.14000,3.613387e-01,1.909054e+00
0.14125,3.645796e-01,1.911706e+00
0.14250,3.679893e-01,1.914207e+00
0.14375,3.715326e-01,1.916609e+00
0.14500,3.751844e-01,1.918981e+00
0.14625,3.789267e-01,1.921425e+00
0.14750,3.827426e-01,1.924069e+00
0.14875,3.866132e-01,1.927050e+00
0.15000,3.905210e-01,1.930483e+00
0.15125,3.944534e-01,1.934430e+00
0.15250,3.984061e-01,1.938873e+00
0.15375,4.023787e-01,1.943701e+00
0.15500,4.063631e-01,1.948725e+00
0.15625,4.103304e-01,1.953709e+00
0.15750,4.142216e-01,1.958414e+00
0.15875,4.179511e-01,1.962655e+00
0.16000,4.214253e-01,1.966340e+00
0.16125,4.245716e-01,1.969499e+00
0.16250,4.273677e-01,1.972281e+00
0.16375,4.298613e-01,1.974921e+00
0.16500,4.321682e-01,1.977687e+00
0.16625,4.344500e-01,1.980817e+00
0.16750,4.368763e-01,1.984459e+00
0.16875,4.395835e-01,1.988642e+00
0.17000,4.426437e-01,1.993277e+00
0.17125,4.460533e-01,1.998185e+00
0.17250,4.497423e-01,2.003158e+00
0.17375,4.536001e-01,2.008016e+00
0.17500,4.575070e-01,2.012655e+00
0.17625,4.613620e-01,2.017069e+00
0.17750,4.651002e-01,2.021343e+00
0.17875,4.686958e-01,2.025616e+00
0.18000,4.721558e-01,2.030032e+00
0.18125,4.755072e-01,2.034693e+00
0.18250,4.787856e-01,2.039619e+00
0.18375,4.820260e-01,2.044744e+00
0.18500,4.852589e-01,2.049923e+00
0.18625,4.885088e-01,2.054974e+00
0.18750,4.917929e-01,2.059725e+00
0.18875,4.951197e-01,2.064053e+00
0.19000,4.984846e-01,2.067922e+00
0.19125,5.018693e-01,2.071392e+00
0.19250,5.052444e-01,2.074617e+00
0.19375,5.085810e-01,2.077819e+00
0.19500,5.118677e-01,2.081258e+00
0.19625,5.151290e-01,2.085198e+00
0.19750,5.184333e-01,2.089864e+00
0.19875,5.218869e-01,2.095412e+00
0.20000,5.256063e-01,2.101890e+00
0.20125,5.296771e-01,2.109221e+00
0.20250,5.341125e-01,2.117199e+00
0.20375,5.388265e-01,2.125503e+00
0.20500,5.436378e-01,2.133741e+00
0.20625,5.483058e-01,2.141511e+00
0.20750,5.525909e-01,2.148463e+00
0.20875,5.563207e-01,2.154365e+00
0.21000,5.594395e-01,2.159149e+00
0.21125,5.620257e-01,2.162920e+00
0.21250,5.642713e-01,2.165946e+00
0.21375,5.664310e-01,2.168605e+00
0.21500,5.687600e-01,2.171324e+00
0.21625,5.714580e-01,2.174507e+00
0.21750,5.746351e-01,2.178477e+00
0.21875,5.783047e-01,2.183427e+00
0.22000,5.823986e-01,2.189410e+00
0.22125,5.867950e-01,2.196341e+00
0.22250,5.913474e-01,2.204019e+00
0.22375,5.959093e-01,2.212162e+00
0.22500,6.003514e-01,2.220446e+00
0.22625,6.045771e-01,2.228545e+00
0.22750,6.085339e-01,2.236173e+00
0.22875,6.122243e-01,2.243125e+00
0.23000,6.157074e-01,2.249309e+00
0.23125,6.190902e-01,2.254766e+00
0.23250,6.225016e-01,2.259678e+00
0.23375,6.260576e-01,2.264336e+00
0.23500,6.298240e-01,2.269099e+00
0.23625,6.337923e-01,2.274330e+00
0.23750,6.378796e-01,2.280325e+00
0.23875,6.419531e-01,2.287264e+00
0.24000,6.458746e-01,2.295181e+00
0.24125,6.495482e-01,2.303966e+00
0.24250,6.529561e-01,2.313396e+00
0.24375,6.561672e-01,2.323192e+00
0.24500,6.593157e-01,2.333074e+00
0.24625,6.625561e-01,2.342812e+00
0.24750,6.660114e-01,2.352256e+00
0.24875,6.697301e-01,2.361344e+00
0.25000,6.736708e-01,2.370088e+00
0.25125,6.777173e-01,2.378549e+00
0.25250,6.817209e-01,2.386811e+00
0.25375,6.855531e-01,2.394964e+00
0.25500,6.891496e-01,2.403096e+00
0.25625,6.925302e-01,2.411290e+00
0.25750,6.957861e-01,2.419630e+00
0.25875,6.990434e-01,2.428204e+00
0.26000,7.024163e-01,2.437092e+00
0.26125,7.059713e-01,2.446356e+00
0.26250,7.097153e-01,2.456025e+00
0.26375,7.136097e-01,2.466082e+00
0.26500,7.176016e-01,2.476465e+00
0.26625,7.216547e-01,2.487075e+00
0.26750,7.257641e-01,2.497797e+00
0.26875,7.299463e-01,2.508529e+00
0.27000,7.342129e-01,2.519205e+00
0.27125,7.385388e-01,2.529825e+00
0.27250,7.428463e-01,2.540460e+00
0.27375,7.470144e-01,2.551254e+00
0.27500,7.509148e-01,2.562405e+00
0.27625,7.544601e-01,2.574126e+00
0.27750,7.576461e-01,2.586607e+00
0.27875,7.605678e-01,2.599966e+00
0.28000,7.634015e-01,2.614215e+00
0.28125,7.663580e-01,2.629250e+00
0.28250,7.696216e-01,2.644871e+00
0.28375,7.732997e-01,2.660821e+00
0.28500,7.773984e-01,2.676856e+00
0.28625,7.818338e-01,2.692801e+00
0.28750,7.864708e-01,2.708598e+00
0.28875,7.911746e-01,2.724328e+00
0.29000,7.958515e-01,2.740191e+00
0.29125,8.004672e-01,2.756470e+00
0.29250,8.050345e-01,2.773477e+00
0.29375,8.095822e-01,2.791495e+00
0.29500,8.141172e-01,2.810737e+00
0.29625,8.186039e-01,2.831319e+00
0.29750,8.229657e-01,2.853248e+00
0.29875,8.271111e-01,2.876433e+00
0.30000,8.309720e-01,2.900696e+00
0.30125,8.345368e-01,2.925803e+00
0.30250,8.378682e-01,2.951503e+00
0.30375,8.410963e-01,2.977566e+00
0.30500,8.443940e-01,3.003837e+00
0.30625,8.479421e-01,3.030281e+00
0.30750,8.518969e-01,3.057014e+00
0.30875,8.563642e-01,3.084320e+00
0.31000,8.613831e-01,3.112649e+00
0.31125,8.669153e-01,3.142574e+00
0.31250,8.728420e-01,3.174751e+00
0.31375,8.789665e-01,3.209847e+00
0.31500,8.850299e-01,3.248483e+00
0.31625,8.907430e-01,3.291187e+00
0.31750,8.958357e-01,3.338379e+00
0.31875,9.001191e-01,3.390387e+00
0.32000,9.035412e-01,3.447504e+00
0.32125,9.062221e-01,3.510062e+00
0.32250,9.084480e-01,3.578516e+00
0.32375,9.106243e-01,3.653494e+00
0.32500,9.131884e-01,3.735787e+00
0.32625,9.165090e-01,3.826252e+00
0.32750,9.207969e-01,3.925598e+00
0.32875,9.260553e-01,4.034051e+00
0.33000,9.320818e-01,4.150946e+00
0.33125,9.385200e-01,4.274285e+00
0.33250,9.449438e-01,4.400396e+00
0.33375,9.509494e-01,4.523796e+00
0.33500,9.562319e-01,4.637390e+00
0.33625,9.606277e-01,4.733067e+00
0.33750,9.641244e-01,4.802654e+00
0.33875,9.668431e-01,4.839092e+00
0.34000,9.690053e-01,4.837593e+00
0.34125,9.708957e-01,4.796515e+00
0.34250,9.728253e-01,4.717729e+00
0.34375,9.750985e-01,4.606367e+00
0.34500,9.779799e-01,4.470012e+00
0.34625,9.816629e-01,4.317523e+00
0.34750,9.862388e-01,4.157760e+00
0.34875,9.916813e-01,3.998486e+00
0.35000,9.978472e-01,3.845640e+00
0.35125,1.004503e+00,3.703035e+00
0.35250,1.011370e+00,3.572476e+00
0.35375,1.018182e+00,3.454140e+00
0.35500,1.024730e+00,3.347103e+00
0.35625,1.030897e+00,3.249868e+00
0.35750,1.036653e+00,3.160803e+00
0.35875,1.042030e+00,3.078443e+00
0.36000,1.047085e+00,3.001645e+00
0.36125,1.051868e+00,2.929623e+00
0.36250,1.056406e+00,2.861886e+00
0.36375,1.060710e+00,2.798126e+00
0.36500,1.064800e+00,2.738099e+00
0.36625,1.068728e+00,2.681522e+00
0.36750,1.072590e+00,2.628022e+00
0.36875,1.076516e+00,2.577135e+00
0.37000,1.080642e+00,2.528350e+00
0.37125,1.085070e+00,2.481178e+00
0.37250,1.089838e+00,2.435232e+00
0.37375,1.094911e+00,2.390274e+00
0.37500,1.100192e+00,2.346243e+00
0.37625,1.105555e+00,2.303228e+00
0.37750,1.110883e+00,2.261419e+00
0.37875,1.116103e+00,2.221034e+00
0.38000,1.121199e+00,2.182241e+00
0.38125,1.126213e+00,2.145105e+00
0.38250,1.131222e+00,2.109563e+00
0.38375,1.136323e+00,2.075432e+00
0.38500,1.141607e+00,2.042454e+00
0.38625,1.147150e+00,2.010354e+00
0.38750,1.153003e+00,1.978905e+00
0.38875,1.159189e+00,1.947970e+00
0.39000,1.165696e+00,1.917513e+00
0.39125,1.172466e+00,1.887583e+00
0.39250,1.179394e+00,1.858268e+00
0.39375,1.186329e+00,1.829642e+00
0.39500,1.193094e+00,1.801721e+00
0.39625,1.199522e+00,1.774442e+00
0.39750,1.205495e+00,1.747664e+00
0.39875,1.210982e+00,1.721205e+00
0.40000,1.216050e+00,1.694882e+00
0.40125,1.220856e+00,1.668552e+00
0.40250,1.225604e+00,1.642137e+00
0.40375,1.230493e+00,1.615636e+00
0.40500,1.235662e+00,1.589110e+00
0.40625,1.241165e+00,1.562657e+00
0.40750,1.246958e+00,1.536394e+00
0.40875,1.252929e+00,1.510426e+00
0.41000,1.258937e+00,1.484848e+00
0.41125,1.264851e+00,1.459732e+00
0.41250,1.270589e+00,1.435138e+00
0.41375,1.276131e+00,1.411112e+00
0.41500,1.281521e+00,1.387690e+00
0.41625,1.286848e+00,1.364892e+00
0.41750,1.292227e+00,1.342717e+00
0.41875,1.297781e+00,1.321141e+00
0.42000,1.303615e+00,1.300113e+00
0.42125,1.309802e+00,1.279559e+00
0.42250,1.316367e+00,1.259389e+00
0.42375,1.323275e+00,1.239505e+00
0.42500,1.330418e+00,1.219811e+00
0.42625,1.337628e+00,1.200214e+00
0.42750,1.344695e+00,1.180629e+00
0.42875,1.351413e+00,1.160978e+00
0.43000,1.357627e+00,1.141194e+00
0.43125,1.363281e+00,1.121226e+00
0.43250,1.368445e+00,1.101051e+00
0.43375,1.373304e+00,1.080684e+00
0.43500,1.378119e+00,1.060190e+00
0.43625,1.383165e+00,1.039674e+00
0.43750,1.388665e+00,1.019275e+00
0.43875,1.394748e+00,9.991342e-01
0.44000,1.401433e+00,9.793698e-01
0.44125,1.408646e+00,9.600512e-01
0.44250,1.416257e+00,9.411869e-01
0.44375,1.424121e+00,9.227270e-01
0.44500,1.432103e+00,9.045777e-01
0.44625,1.440086e+00,8.866256e-01
0.44750,1.447969e+00,8.687614e-01
0.44875,1.455656e+00,8.508989e-01
0.45000,1.463062e+00,8.329862e-01
0.45125,1.470130e+00,8.150059e-01
0.45250,1.476852e+00,7.969704e-01
0.45375,1.483296e+00,7.789129e-01
0.45500,1.489609e+00,7.608783e-01
0.45625,1.495999e+00,7.429178e-01
0.45750,1.502690e+00,7.250843e-01
0.45875,1.509873e+00,7.074293e-01
0.46000,1.517662e+00,6.899957e-01
0.46125,1.526070e+00,6.728043e-01
0.46250,1.535017e+00,6.558319e-01
0.46375,1.544357e+00,6.389822e-01
0.46500,1.553925e+00,6.220541e-01
0.46625,1.563565e+00,6.047168e-01
0.46750,1.573160e+00,5.864986e-01
0.46875,1.582632e+00,5.668016e-01
0.47000,1.591937e+00,5.449444e-01
0.47125,1.601048e+00,5.202376e-01
0.47250,1.609957e+00,4.920834e-01
0.47375,1.618675e+00,4.600883e-01
0.47500,1.627242e+00,4.241715e-01
0.47625,1.635729e+00,3.846434e-01
0.47750,1.644233e+00,3.422364e-01
0.47875,1.652859e+00,2.980703e-01
0.48000,1.661683e+00,2.535511e-01
0.48125,1.670740e+00,2.102154e-01
0.48250,1.680009e+00,1.695460e-01
0.48375,1.689424e+00,1.327957e-01
0.48500,1.698900e+00,1.008505e-01
0.48625,1.708350e+00,7.415965e-02
0.48750,1.717698e+00,5.273743e-02
0.48875,1.726887e+00,3.622928e-02
0.49000,1.735861e+00,2.402013e-02
0.49125,1.744574e+00,1.535677e-02
0.49250,1.752999e+00,9.460545e-03
0.49375,1.761157e+00,5.612258e-03
0.49500,1.769149e+00,3.204225e-03
0.49625,1.777174e+00,1.759730e-03
0.49750,1.785514e+00,9.292253e-04
0.49875,1.794487e+00,4.715830e-04
0.50000,1.804372e+00,2.299251e-04
0.50125,1.815339e+00,1.076553e-04
0.50250,1.827408e+00,4.835964e-05
0.50375,1.840441e+00,2.084210e-05
0.50500,1.854185e+00,8.589072e-06
0.50625,1.868338e+00,3.371109e-06
0.50750,1.882611e+00,1.239707e-06
0.50875,1.896774e+00,4.057582e-07
0.51000,1.910672e+00,1.046210e-07
0.51125,1.924212e+00,0.000000e+00
0.51250,1.937351e+00,0.000000e+00
0.51375,1.950082e+00,0.000000e+00
0.51500,1.962435e+00,0.000000e+00
0.51625,1.974490e+00,0.000000e+00
0.51750,1.986373e+00,3.854459e-08
0.51875,1.998239e+00,2.390408e-07
0.52000,2.010238e+00,7.824468e-07
0.52125,2.022479e+00,2.226388e-06
0.52250,2.035006e+00,5.827339e-06
0.52375,2.047802e+00,1.439952e-05
0.52500,2.060833e+00,3.403024e-05
0.52625,2.074099e+00,7.711009e-05
0.52750,2.087674e+00,1.675999e-04
0.52875,2.101718e+00,3.498556e-04
0.53000,2.116437e+00,7.015493e-04
0.53125,2.132020e+00,1.351942e-03
0.53250,2.148571e+00,2.504442e-03
0.53375,2.166067e+00,4.461789e-03
0.53500,2.184363e+00,7.647609e-03
0.53625,2.203241e+00,1.261749e-02
0.53750,2.222483e+00,2.004884e-02
0.53875,2.241938e+00,3.070071e-02
0.54000,2.261560e+00,4.533892e-02
0.54125,2.281408e+00,6.462884e-02
0.54250,2.301600e+00,8.901106e-02
0.54375,2.322266e+00,1.185832e-01
0.54500,2.343497e+00,1.530178e-01
0.54625,2.365322e+00,1.915432e-01
0.54750,2.387709e+00,2.330018e-01
0.54875,2.410593e+00,2.759835e-01
0.55000,2.433910e+00,3.190072e-01
0.55125,2.457627e+00,3.607153e-01
0.55250,2.481764e+00,4.000371e-01
0.55375,2.506404e+00,4.362893e-01
0.55500,2.531690e+00,4.691984e-01
0.55625,2.557815e+00,4.988498e-01
0.55750,2.585017e+00,5.255879e-01
0.55875,2.613559e+00,5.498968e-01
0.56000,2.643712e+00,5.722904e-01
0.56125,2.675734e+00,5.932315e-01
0.56250,2.709842e+00,6.130894e-01
0.56375,2.746205e+00,6.321318e-01
0.56500,2.784949e+00,6.505425e-01
0.56625,2.826192e+00,6.684512e-01
0.56750,2.870099e+00,6.859635e-01
0.56875,2.916952e+00,7.031829e-01
0.57000,2.967203e+00,7.202185e-01
0.57125,3.021510e+00,7.371815e-01
0.57250,3.080712e+00,7.541719e-01
0.57375,3.145769e+00,7.712645e-01
0.57500,3.217637e+00,7.884988e-01
0.57625,3.297091e+00,8.058783e-01
0.57750,3.384499e+00,8.233792e-01
0.57875,3.479546e+00,8.409678e-01
0.58000,3.580958e+00,8.586183e-01
0.58125,3.686267e+00,8.763281e-01
0.58250,3.791713e+00,8.941242e-01
0.58375,3.892353e+00,9.120595e-01
0.58500,3.982438e+00,9.302003e-01
0.58625,4.056033e+00,9.486097e-01
0.58750,4.107808e+00,9.673313e-01
0.58875,4.133832e+00,9.863790e-01
0.59000,4.132195e+00,1.005735e+00
0.59125,4.103315e+00,1.025358e+00
0.59250,4.049859e+00,1.045193e+00
0.59375,3.976290e+00,1.065193e+00
0.59500,3.888178e+00,1.085325e+00
0.59625,3.791419e+00,1.105582e+00
0.59750,3.691523e+00,1.125974e+00
0.59875,3.593094e+00,1.146525e+00
0.60000,3.499544e+00,1.167248e+00
0.60125,3.413034e+00,1.188139e+00
0.60250,3.334590e+00,1.209169e+00
0.60375,3.264330e+00,1.230290e+00
0.60500,3.201729e+00,1.251455e+00
0.60625,3.145893e+00,1.272634e+00
0.60750,3.095781e+00,1.293826e+00
0.60875,3.050377e+00,1.315060e+00
0.61000,3.008803e+00,1.336382e+00
0.61125,2.970359e+00,1.357835e+00
0.61250,2.934527e+00,1.379443e+00
0.61375,2.900944e+00,1.401206e+00
0.61500,2.869355e+00,1.423115e+00
0.61625,2.839575e+00,1.445170e+00
0.61750,2.811458e+00,1.467404e+00
0.61875,2.784875e+00,1.489900e+00
0.62000,2.759695e+00,1.512784e+00
0.62125,2.735777e+00,1.536206e+00
0.62250,2.712965e+00,1.560311e+00
0.62375,2.691100e+00,1.585208e+00
0.62500,2.670035e+00,1.610948e+00
0.62625,2.649671e+00,1.637514e+00
0.62750,2.629978e+00,1.664828e+00
0.62875,2.611006e+00,1.692763e+00
0.63000,2.592870e+00,1.721166e+00
0.63125,2.575699e+00,1.749879e+00
0.63250,2.559573e+00,1.778763e+00
0.63375,2.544469e+00,1.807726e+00
0.63500,2.530226e+00,1.836745e+00
0.63625,2.516564e+00,1.865884e+00
0.63750,2.503138e+00,1.895299e+00
0.63875,2.489623e+00,1.925222e+00
0.64000,2.475795e+00,1.955930e+00
0.64125,2.461576e+00,1.987693e+00
0.64250,2.447046e+00,2.020722e+00
0.64375,2.432406e+00,2.055120e+00
0.64500,2.417919e+00,2.090867e+00
0.64625,2.403845e+00,2.127832e+00
0.64750,2.390399e+00,2.165812e+00
0.64875,2.377728e+00,2.204602e+00
0.65000,2.365903e+00,2.244057e+00
0.65125,2.354931e+00,2.284134e+00
0.65250,2.344762e+00,2.324912e+00
0.65375,2.335289e+00,2.366560e+00
0.65500,2.326355e+00,2.409297e+00
0.65625,2.317759e+00,2.453338e+00
0.65750,2.309280e+00,2.498855e+00
0.65875,2.300709e+00,2.545972e+00
0.66000,2.291891e+00,2.594781e+00
0.66125,2.282752e+00,2.645402e+00
0.66250,2.273324e+00,2.698031e+00
0.66375,2.263729e+00,2.752993e+00
0.66500,2.254159e+00,2.810769e+00
0.66625,2.244830e+00,2.872004e+00
0.66750,2.235934e+00,2.937496e+00
0.66875,2.227598e+00,3.008174e+00
0.67000,2.219852e+00,3.085070e+00
0.67125,2.212622e+00,3.169296e+00
0.67250,2.205730e+00,3.261999e+00
0.67375,2.198933e+00,3.364286e+00
0.67500,2.191970e+00,3.477099e+00
0.67625,2.184624e+00,3.601011e+00
0.67750,2.176780e+00,3.735940e+00
0.67875,2.168456e+00,3.880806e+00
0.68000,2.159808e+00,4.033188e+00
0.68125,2.151088e+00,4.189071e+00
0.68250,2.142579e+00,4.342801e+00
0.68375,2.134523e+00,4.487328e+00
0.68500,2.127063e+00,4.614808e+00
0.68625,2.120220e+00,4.717484e+00
0.68750,2.113905e+00,4.788733e+00
0.68875,2.107954e+00,4.824054e+00
0.69000,2.102182e+00,4.821773e+00
0.69125,2.096428e+00,4.783297e+00
0.69250,2.090589e+00,4.712854e+00
0.69375,2.084641e+00,4.616786e+00
0.69500,2.078638e+00,4.502577e+00
0.69625,2.072699e+00,4.377830e+00
0.69750,2.066974e+00,4.249406e+00
0.69875,2.061606e+00,4.122858e+00
0.70000,2.056677e+00,4.002197e+00
0.70125,2.052169e+00,3.889938e+00
0.70250,2.047956e+00,3.787346e+00
0.70375,2.043819e+00,3.694751e+00
0.70500,2.039498e+00,3.611863e+00
0.70625,2.034759e+00,3.538013e+00
0.70750,2.029456e+00,3.472325e+00
0.70875,2.023566e+00,3.413815e+00
0.71000,2.017192e+00,3.361456e+00
0.71125,2.010530e+00,3.314219e+00
0.71250,2.003824e+00,3.271120e+00
0.71375,1.997309e+00,3.231270e+00
0.71500,1.991173e+00,3.193928e+00
0.71625,1.985531e+00,3.158526e+00
0.71750,1.980422e+00,3.124695e+00
0.71875,1.975811e+00,3.092243e+00
0.72000,1.971601e+00,3.061119e+00
0.72125,1.967662e+00,3.031364e+00
0.72250,1.963855e+00,3.003050e+00
0.72375,1.960060e+00,2.976228e+00
0.72500,1.956203e+00,2.950900e+00
0.72625,1.952263e+00,2.926994e+00
0.72750,1.948265e+00,2.904377e+00
0.72875,1.944260e+00,2.882860e+00
0.73000,1.940291e+00,2.862225e+00
0.73125,1.936373e+00,2.842248e+00
0.73250,1.932475e+00,2.822722e+00
0.73375,1.928535e+00,2.803481e+00
0.73500,1.924470e+00,2.784420e+00
0.73625,1.920209e+00,2.765507e+00
0.73750,1.915708e+00,2.746786e+00
0.73875,1.910967e+00,2.728378e+00
0.74000,1.906036e+00,2.710455e+00
0.74125,1.901016e+00,2.693212e+00
0.74250,1.896054e+00,2.676836e+00
0.74375,1.891324e+00,2.661459e+00
0.74500,1.887008e+00,2.647131e+00
0.74625,1.883250e+00,2.633799e+00
0.74750,1.880125e+00,2.621304e+00
0.74875,1.877599e+00,2.609407e+00
0.75000,1.875530e+00,2.597824e+00
0.75125,1.873684e+00,2.586286e+00
0.75250,1.871787e+00,2.574585e+00
0.75375,1.869588e+00,2.562610e+00
0.75500,1.866919e+00,2.550348e+00
0.75625,1.863721e+00,2.537863e+00
0.75750,1.860048e+00,2.525261e+00
0.75875,1.856032e+00,2.512651e+00
0.76000,1.851841e+00,2.500123e+00
0.76125,1.847632e+00,2.487744e+00
0.76250,1.843521e+00,2.475581e+00
0.76375,1.839572e+00,2.463716e+00
0.76500,1.835805e+00,2.452263e+00
0.76625,1.832208e+00,2.441356e+00
0.76750,1.828751e+00,2.431124e+00
0.76875,1.825403e+00,2.421648e+00
0.77000,1.822133e+00,2.412931e+00
0.77125,1.818923e+00,2.404872e+00
0.77250,1.815768e+00,2.397273e+00
0.77375,1.812684e+00,2.389875e+00
0.77500,1.809705e+00,2.382396e+00
0.77625,1.806881e+00,2.374591e+00
0.77750,1.804275e+00,2.366292e+00
0.77875,1.801948e+00,2.357434e+00
0.78000,1.799946e+00,2.348059e+00
0.78125,1.798281e+00,2.338299e+00
0.78250,1.796909e+00,2.328352e+00
0.78375,1.795714e+00,2.318449e+00
0.78500,1.794512e+00,2.308828e+00
0.78625,1.793068e+00,2.299715e+00
0.78750,1.791150e+00,2.291306e+00
0.78875,1.788593e+00,2.283748e+00
0.79000,1.785358e+00,2.277123e+00
0.79125,1.781565e+00,2.271427e+00
0.79250,1.777488e+00,2.266553e+00
0.79375,1.773488e+00,2.262294e+00
0.79500,1.769935e+00,2.258358e+00
0.79625,1.767109e+00,2.254406e+00
0.79750,1.765128e+00,2.250097e+00
0.79875,1.763919e+00,2.245139e+00
0.80000,1.763237e+00,2.239334e+00
0.80125,1.762718e+00,2.232592e+00
0.80250,1.761966e+00,2.224939e+00
0.80375,1.760633e+00,2.216503e+00
0.80500,1.758491e+00,2.207483e+00
0.80625,1.755468e+00,2.198128e+00
0.80750,1.751660e+00,2.188705e+00
0.80875,1.747294e+00,2.179481e+00
0.81000,1.742675e+00,2.170706e+00
0.81125,1.738116e+00,2.162596e+00
0.81250,1.733881e+00,2.155326e+00
0.81375,1.730146e+00,2.149018e+00
0.81500,1.726990e+00,2.143729e+00
0.81625,1.724409e+00,2.139446e+00
0.81750,1.722352e+00,2.136071e+00
0.81875,1.720745e+00,2.133417e+00
0.82000,1.719520e+00,2.131212e+00
0.82125,1.718608e+00,2.129113e+00
0.82250,1.717942e+00,2.126746e+00
0.82375,1.717428e+00,2.123756e+00
0.82500,1.716941e+00,2.119867e+00
0.82625,1.716311e+00,2.114932e+00
0.82750,1.715340e+00,2.108959e+00
0.82875,1.713823e+00,2.102116e+00
0.83000,1.711591e+00,2.094687e+00
0.83125,1.708556e+00,2.087018e+00
0.83250,1.704745e+00,2.079458e+00
0.83375,1.700321e+00,2.072295e+00
0.83500,1.695563e+00,2.065729e+00
0.83625,1.690826e+00,2.059856e+00
0.83750,1.686471e+00,2.054670e+00
0.83875,1.682801e+00,2.050089e+00
0.84000,1.679999e+00,2.045976e+00
0.84125,1.678107e+00,2.042172e+00
0.84250,1.677023e+00,2.038527e+00
0.84375,1.676536e+00,2.034927e+00
0.84500,1.676372e+00,2.031311e+00
0.84625,1.676248e+00,2.027678e+00
0.84750,1.675919e+00,2.024077e+00
0.84875,1.675217e+00,2.020582e+00
0.85000,1.674070e+00,2.017254e+00
0.85125,1.672500e+00,2.014110e+00
0.85250,1.670607e+00,2.011103e+00
0.85375,1.668529e+00,2.008114e+00
0.85500,1.666412e+00,2.004978e+00
0.85625,1.664370e+00,2.001518e+00
0.85750,1.662478e+00,1.997591e+00
0.85875,1.660761e+00,1.993126e+00
0.86000,1.659208e+00,1.988152e+00
0.86125,1.657777e+00,1.982796e+00
0.86250,1.656381e+00,1.977262e+00
0.86375,1.654872e+00,1.971792e+00
0.86500,1.652992e+00,1.966616e+00
0.86625,1.650327e+00,1.961905e+00
0.86750,1.646247e+00,1.957740e+00
0.86875,1.639878e+00,1.954099e+00
0.87000,1.630083e+00,1.950867e+00
0.87125,1.615492e+00,1.947866e+00
0.87250,1.594588e+00,1.944894e+00
0.87375,1.565843e+00,1.941760e+00
0.87500,1.527917e+00,1.938324e+00
0.87625,1.479892e+00,1.934509e+00
0.87750,1.421499e+00,1.930313e+00
0.87875,1.353308e+00,1.925805e+00
0.88000,1.276809e+00,1.921109e+00
0.88125,1.194364e+00,1.916384e+00
0.88250,1.109012e+00,1.911793e+00
0.88375,1.024153e+00,1.907475e+00
0.88500,9.431544e-01,1.903520e+00
0.88625,8.689635e-01,1.899952e+00
0.88750,8.038010e-01,1.896735e+00
0.88875,7.489802e-01,1.893781e+00
0.89000,7.048811e-01,1.890985e+00
0.89125,6.710617e-01,1.888242e+00
0.89250,6.464595e-01,1.885467e+00
0.89375,6.296321e-01,1.882599e+00
0.89500,6.189853e-01,1.879602e+00
0.89625,6.129582e-01,1.876452e+00
0.89750,6.101508e-01,1.873143e+00
0.89875,6.094008e-01,1.869686e+00
0.90000,6.098145e-01,1.866117e+00
0.90125,6.107669e-01,1.862499e+00
0.90250,6.118754e-01,1.858920e+00
0.90375,6.129584e-01,1.855475e+00
0.90500,6.139838e-01,1.852241e+00
0.90625,6.150146e-01,1.849258e+00
0.90750,6.161590e-01,1.846506e+00
0.90875,6.175299e-01,1.843914e+00
0.91000,6.192159e-01,1.841369e+00
0.91125,6.212639e-01,1.838745e+00
0.91250,6.236729e-01,1.835939e+00
0.91375,6.263971e-01,1.832891e+00
0.91500,6.293548e-01,1.829602e+00
0.91625,6.324418e-01,1.826124e+00
0.91750,6.355458e-01,1.822544e+00
0.91875,6.385587e-01,1.818953e+00
0.92000,6.413873e-01,1.815425e+00
0.92125,6.439597e-01,1.812000e+00
0.92250,6.462308e-01,1.808685e+00
0.92375,6.481851e-01,1.805461e+00
0.92500,6.498372e-01,1.802304e+00
0.92625,6.512308e-01,1.799200e+00
0.92750,6.524348e-01,1.796163e+00
0.92875,6.535373e-01,1.793236e+00
0.93000,6.546374e-01,1.790489e+00
0.93125,6.558353e-01,1.788002e+00
0.93250,6.572196e-01,1.785849e+00
0.93375,6.588557e-01,1.784068e+00
0.93500,6.607738e-01,1.782648e+00
0.93625,6.629628e-01,1.781507e+00
0.93750,6.653716e-01,1.780498e+00
0.93875,6.679180e-01,1.779422e+00
0.94000,6.705049e-01,1.778052e+00
0.94125,6.730396e-01,1.776177e+00
0.94250,6.754517e-01,1.773641e+00
0.94375,6.777037e-01,1.770375e+00
0.94500,6.797931e-01,1.766421e+00
0.94625,6.817451e-01,1.761933e+00
0.94750,6.835979e-01,1.757155e+00
0.94875,6.853860e-01,1.752380e+00
0.95000,6.871276e-01,1.747900e+00
0.95125,6.888209e-01,1.743958e+00
0.95250,6.904517e-01,1.740701e+00
0.95375,6.920107e-01,1.738165e+00
0.95500,6.935127e-01,1.736279e+00
0.95625,6.950096e-01,1.734891e+00
0.95750,6.965910e-01,1.733809e+00
0.95875,6.983696e-01,1.732834e+00
0.96000,7.004539e-01,1.731796e+00
0.96125,7.029175e-01,1.730567e+00
0.96250,7.057733e-01,1.729065e+00
0.96375,7.089622e-01,1.727244e+00
0.96500,7.123580e-01,1.725088e+00
0.96625,7.157897e-01,1.722604e+00
0.96750,7.190745e-01,1.719824e+00
0.96875,7.220514e-01,1.716801e+00
0.97000,7.246104e-01,1.713607e+00
0.97125,7.267067e-01,1.710334e+00
0.97250,7.283610e-01,1.707072e+00
0.97375,7.296489e-01,1.703899e+00
0.97500,7.306820e-01,1.700864e+00
0.97625,7.315907e-01,1.697982e+00
0.97750,7.325101e-01,1.695233e+00
0.97875,7.335691e-01,1.692577e+00
0.98000,7.348808e-01,1.689977e+00
0.98125,7.365321e-01,1.687412e+00
0.98250,7.385721e-01,1.684891e+00
0.98375,7.410010e-01,1.682447e+00
0.98500,7.437671e-01,1.680128e+00
0.98625,7.467730e-01,1.677974e+00
0.98750,7.498942e-01,1.675998e+00
0.98875,7.530051e-01,1.674177e+00
0.99000,7.560038e-01,1.672455e+00
0.99125,7.588293e-01,1.670749e+00
0.99250,7.614661e-01,1.668968e+00
0.99375,7.639348e-01,1.667033e+00
0.99500,7.662761e-01,1.664886e+00
0.99625,7.685335e-01,1.662499e+00
0.99750,7.707420e-01,1.659877e+00
0.99875,7.729234e-01,1.657055e+00
1.00000,7.750890e-01,1.654096e+00
1.00125,7.772449e-01,1.651081e+00
1.00250,7.793984e-01,1.648111e+00
1.00375,7.815641e-01,1.645287e+00
1.00500,7.837675e-01,1.642709e+00
1.00625,7.860491e-01,1.640452e+00
1.00750,7.884635e-01,1.638553e+00
1.00875,7.910760e-01,1.636986e+00
1.01000,7.939523e-01,1.635630e+00
1.01125,7.971423e-01,1.634244e+00
1.01250,8.006619e-01,1.632429e+00
1.01375,8.044753e-01,1.629578e+00
1.01500,8.084871e-01,1.624834e+00
1.01625,8.125482e-01,1.617026e+00
1.01750,8.164776e-01,1.604625e+00
1.01875,8.200983e-01,1.585723e+00
1.02000,8.232772e-01,1.558083e+00
1.02125,8.259597e-01,1.519280e+00
1.02250,8.281859e-01,1.466964e+00
1.02375,8.300823e-01,1.399222e+00
1.02500,8.318313e-01,1.315008e+00
1.02625,8.336220e-01,1.214536e+00
1.02750,8.356027e-01,1.099544e+00
1.02875,8.378430e-01,9.733338e-01
1.03000,8.403200e-01,8.405314e-01
1.03125,8.429321e-01,7.065920e-01
1.03250,8.455348e-01,5.771332e-01
1.03375,8.479877e-01,4.572318e-01
1.03500,8.501979e-01,3.508302e-01
1.03625,8.521496e-01,2.603667e-01
1.03750,8.539117e-01,1.866817e-01
1.03875,8.556221e-01,1.291845e-01
1.04000,8.574580e-01,8.620502e-02
1.04125,8.595988e-01,5.542917e-02
1.04250,8.621919e-01,3.431950e-02
1.04375,8.653286e-01,2.044975e-02
1.04500,8.690341e-01,1.172092e-02
1.04625,8.732712e-01,6.459021e-03
1.04750,8.779530e-01,3.420813e-03
1.04875,8.829608e-01,1.740611e-03
1.05000,8.881606e-01,8.505833e-04
1.05125,8.934155e-01,3.990536e-04
1.05250,8.985904e-01,1.796600e-04
1.05375,9.035549e-01,7.752644e-05
1.05500,9.081864e-01,3.202277e-05
1.05625,9.123756e-01,1.259131e-05
1.05750,9.160398e-01,4.658494e-06
1.05875,9.191372e-01,1.540299e-06
1.06000,9.216813e-01,3.826927e-07
1.06125,9.237445e-01,0.000000e+00
1.06250,9.254521e-01,0.000000e+00
1.06375,9.269636e-01,0.000000e+00
1.06500,9.284459e-01,0.000000e+00
1.06625,9.300474e-01,0.000000e+00
1.06750,9.318782e-01,0.000000e+00
1.06875,9.340030e-01,0.000000e+00
1.07000,9.364446e-01,0.000000e+00
1.07125,9.391965e-01,0.000000e+00
1.07250,9.422373e-01,0.000000e+00
1.07375,9.455418e-01,0.000000e+00
1.07500,9.490848e-01,0.000000e+00
1.07625,9.528396e-01,0.000000e+00
1.07750,9.567736e-01,0.000000e+00
1.07875,9.608462e-01,0.000000e+00
1.08000,9.650125e-01,0.000000e+00
1.08125,9.692310e-01,0.000000e+00
1.08250,9.734718e-01,0.000000e+00
1.08375,9.777197e-01,0.000000e+00
1.08500,9.819705e-01,0.000000e+00
1.08625,9.862184e-01,0.000000e+00
1.08750,9.904440e-01,0.000000e+00
1.08875,9.946068e-01,0.000000e+00
1.09000,9.986491e-01,0.000000e+00
1.09125,1.002513e+00,0.000000e+00
1.09250,1.006164e+00,0.000000e+00
1.09375,1.009609e+00,0.000000e+00
1.09500,1.012904e+00,0.000000e+00
1.09625,1.016146e+00,0.000000e+00
1.09750,1.019449e+00,0.000000e+00
1.09875,1.022911e+00,0.000000e+00
1.10000,1.026596e+00,0.000000e+00
1.10125,1.030517e+00,0.000000e+00
1.10250,1.034650e+00,0.000000e+00
1.10375,1.038949e+00,0.000000e+00
1.10500,1.043371e+00,0.000000e+00
1.10625,1.047890e+00,0.000000e+00
1.10750,1.052500e+00,0.000000e+00
1.10875,1.057199e+00,0.000000e+00
1.11000,1.061980e+00,0.000000e+00
1.11125,1.066803e+00,0.000000e+00
1.11250,1.071595e+00,0.000000e+00
1.11375,1.076250e+00,0.000000e+00
1.11500,1.080650e+00,0.000000e+00
1.11625,1.084687e+00,0.000000e+00
1.11750,1.088296e+00,0.000000e+00
1.11875,1.091480e+00,0.000000e+00
1.12000,1.094326e+00,0.000000e+00
1.12125,1.097002e+00,0.000000e+00
1.12250,1.099742e+00,0.000000e+00
1.12375,1.102811e+00,0.000000e+00
1.12500,1.106463e+00,0.000000e+00
1.12625,1.110896e+00,0.000000e+00
1.12750,1.116211e+00,0.000000e+00
1.12875,1.122395e+00,0.000000e+00
1.13000,1.129313e+00,0.000000e+00
1.13125,1.136728e+00,0.000000e+00
1.13250,1.144338e+00,0.000000e+00
1.13375,1.151820e+00,0.000000e+00
1.13500,1.158887e+00,0.000000e+00
1.13625,1.165327e+00,0.000000e+00
1.13750,1.171041e+00,0.000000e+00
1.13875,1.176049e+00,0.000000e+00
1.14000,1.180474e+00,0.000000e+00
1.14125,1.184512e+00,0.000000e+00
1.14250,1.188378e+00,0.000000e+00
1.14375,1.192260e+00,0.000000e+00
1.14500,1.196277e+00,0.000000e+00
1.14625,1.200465e+00,0.000000e+00
1.14750,1.204783e+00,0.000000e+00
1.14875,1.209140e+00,0.000000e+00
1.15000,1.213432e+00,0.000000e+00
1.15125,1.217583e+00,0.000000e+00
1.15250,1.221578e+00,0.000000e+00
1.15375,1.225479e+00,0.000000e+00
1.15500,1.229427e+00,0.000000e+00
1.15625,1.233621e+00,0.000000e+00
1.15750,1.238291e+00,0.000000e+00
1.15875,1.243644e+00,0.000000e+00
1.16000,1.249832e+00,0.000000e+00
1.16125,1.256901e+00,0.000000e+00
1.16250,1.264777e+00,0.000000e+00
1.16375,1.273266e+00,0.000000e+00
1.16500,1.282076e+00,0.000000e+00
1.16625,1.290868e+00,0.000000e+00
1.16750,1.299302e+00,0.000000e+00
1.16875,1.307092e+00,0.000000e+00
1.17000,1.314045e+00,0.000000e+00
1.17125,1.320072e+00,0.000000e+00
1.17250,1.325192e+00,0.000000e+00
1.17375,1.329517e+00,0.000000e+00
1.17500,1.333238e+00,0.000000e+00
1.17625,1.336599e+00,0.000000e+00
1.17750,1.339888e+00,0.000000e+00
1.17875,1.343412e+00,0.000000e+00
1.18000,1.347469e+00,0.000000e+00
1.18125,1.352313e+00,0.000000e+00
1.18250,1.358113e+00,0.000000e+00
1.18375,1.364926e+00,0.000000e+00
1.18500,1.372675e+00,0.000000e+00
1.18625,1.381172e+00,0.000000e+00
1.18750,1.390151e+00,0.000000e+00
1.18875,1.399326e+00,0.000000e+00
1.19000,1.408449e+00,0.000000e+00
1.19125,1.417353e+00,0.000000e+00
1.19250,1.425970e+00,0.000000e+00
1.19375,1.434316e+00,0.000000e+00
1.19500,1.442468e+00,0.000000e+00
1.19625,1.450523e+00,0.000000e+00
1.19750,1.458566e+00,0.000000e+00
1.19875,1.466655e+00,0.000000e+00
1.20000,1.474812e+00,0.000000e+00
1.20125,1.483032e+00,0.000000e+00
1.20250,1.491290e+00,0.000000e+00
1.20375,1.499548e+00,0.000000e+00
1.20500,1.507764e+00,0.000000e+00
1.20625,1.515898e+00,0.000000e+00
1.20750,1.523917e+00,0.000000e+00
1.20875,1.531810e+00,0.000000e+00
1.21000,1.539594e+00,0.000000e+00
1.21125,1.547322e+00,0.000000e+00
1.21250,1.555083e+00,0.000000e+00
1.21375,1.562991e+00,0.000000e+00
1.21500,1.571165e+00,0.000000e+00
1.21625,1.579715e+00,0.000000e+00
1.21750,1.588717e+00,0.000000e+00
1.21875,1.598211e+00,0.000000e+00
1.22000,1.608189e+00,0.000000e+00
1.22125,1.618604e+00,0.000000e+00
1.22250,1.629378e+00,0.000000e+00
1.22375,1.640415e+00,0.000000e+00
1.22500,1.651617e+00,0.000000e+00
1.22625,1.662901e+00,0.000000e+00
1.22750,1.674210e+00,0.000000e+00
1.22875,1.685515e+00,0.000000e+00
1.23000,1.696810e+00,0.000000e+00
1.23125,1.708095e+00,0.000000e+00
1.23250,1.719363e+00,0.000000e+00
1.23375,1.730593e+00,0.000000e+00
1.23500,1.741757e+00,0.000000e+00
1.23625,1.752841e+00,0.000000e+00
1.23750,1.763874e+00,0.000000e+00
1.23875,1.774940e+00,0.000000e+00
1.24000,1.786181e+00,0.000000e+00
1.24125,1.797769e+00,0.000000e+00
1.24250,1.809855e+00,0.000000e+00
1.24375,1.822527e+00,0.000000e+00
1.24500,1.835777e+00,0.000000e+00
1.24625,1.849491e+00,0.000000e+00
1.24750,1.863481e+00,0.000000e+00
1.24875,1.877533e+00,0.000000e+00
1.25000,1.891458e+00,0.000000e+00
1.25125,1.905136e+00,0.000000e+00
1.25250,1.918543e+00,0.000000e+00
1.25375,1.931738e+00,0.000000e+00
1.25500,1.944843e+00,0.000000e+00
1.25625,1.958004e+00,0.000000e+00
1.25750,1.971358e+00,0.000000e+00
1.25875,1.985009e+00,0.000000e+00
1.26000,1.999022e+00,0.000000e+00
1.26125,2.013438e+00,0.000000e+00
1.26250,2.028291e+00,0.000000e+00
1.26375,2.043640e+00,0.000000e+00
1.26500,2.059577e+00,0.000000e+00
1.26625,2.076234e+00,0.000000e+00
1.26750,2.093758e+00,0.000000e+00
1.26875,2.112280e+00,0.000000e+00
1.27000,2.131866e+00,0.000000e+00
1.27125,2.152483e+00,0.000000e+00
1.27250,2.173982e+00,0.000000e+00
1.27375,2.196101e+00,0.000000e+00
1.27500,2.218503e+00,0.000000e+00
1.27625,2.240833e+00,0.000000e+00
1.27750,2.262786e+00,0.000000e+00
1.27875,2.284167e+00,0.000000e+00
1.28000,2.304936e+00,0.000000e+00
1.28125,2.325223e+00,0.000000e+00
1.28250,2.345312e+00,0.000000e+00
1.28375,2.365600e+00,0.000000e+00
1.28500,2.386530e+00,0.000000e+00
1.28625,2.408536e+00,0.000000e+00
1.28750,2.431973e+00,0.000000e+00
1.28875,2.457086e+00,0.000000e+00
1.29000,2.483982e+00,0.000000e+00
1.29125,2.512640e+00,0.000000e+00
1.29250,2.542934e+00,0.000000e+00
1.29375,2.574671e+00,0.000000e+00
1.29500,2.607635e+00,0.000000e+00
1.29625,2.641631e+00,0.000000e+00
1.29750,2.676507e+00,0.000000e+00
1.29875,2.712168e+00,0.000000e+00
1.30000,2.748570e+00,0.000000e+00
1.30125,2.785718e+00,0.000000e+00
1.30250,2.823652e+00,0.000000e+00
1.30375,2.862452e+00,0.000000e+00
1.30500,2.902246e+00,0.000000e+00
1.30625,2.943222e+00,0.000000e+00
1.30750,2.985620e+00,0.000000e+00
1.30875,3.029729e+00,0.000000e+00
1.31000,3.075851e+00,0.000000e+00
1.31125,3.124268e+00,0.000000e+00
1.31250,3.175221e+00,0.000000e+00
1.31375,3.228906e+00,0.000000e+00
1.31500,3.285503e+00,0.000000e+00
1.31625,3.345228e+00,0.000000e+00
1.31750,3.408394e+00,0.000000e+00
1.31875,3.475454e+00,0.000000e+00
1.32000,3.547025e+00,0.000000e+00
1.32125,3.623873e+00,0.000000e+00
1.32250,3.706885e+00,0.000000e+00
1.32375,3.797041e+00,0.000000e+00
1.32500,3.895427e+00,0.000000e+00
1.32625,4.003281e+00,0.000000e+00
1.32750,4.122093e+00,0.000000e+00
1.32875,4.253709e+00,0.000000e+00
1.33000,4.400426e+00,0.000000e+00
1.33125,4.565003e+00,0.000000e+00
1.33250,4.750550e+00,0.000000e+00
1.33375,4.960234e+00,0.000000e+00
1.33500,5.196754e+00,0.000000e+00
1.33625,5.461600e+00,0.000000e+00
1.33750,5.754125e+00,0.000000e+00
1.33875,6.070552e+00,0.000000e+00
1.34000,6.403140e+00,0.000000e+00
1.34125,6.739729e+00,0.000000e+00
1.34250,7.063914e+00,0.000000e+00
1.34375,7.355992e+00,0.000000e+00
1.34500,7.594619e+00,0.000000e+00
1.34625,7.758974e+00,0.000000e+00
1.34750,7.831032e+00,0.000000e+00
1.34875,7.797508e+00,0.000000e+00
1.35000,7.651154e+00,0.000000e+00
1.35125,7.391250e+00,0.000000e+00
1.35250,7.023386e+00,0.000000e+00
1.35375,6.558741e+00,0.000000e+00
1.35500,6.013155e+00,0.000000e+00
1.35625,5.406145e+00,0.000000e+00
1.35750,4.759892e+00,0.000000e+00
1.35875,4.098119e+00,0.000000e+00
1.36000,3.444728e+00,0.000000e+00
1.36125,2.822206e+00,0.000000e+00
1.36250,2.249919e+00,0.000000e+00
1.36375,1.742583e+00,0.000000e+00
1.36500,1.309219e+00,0.000000e+00
1.36625,9.528357e-01,0.000000e+00
1.36750,6.709071e-01,0.000000e+00
1.36875,4.565150e-01,0.000000e+00
1.37000,2.998899e-01,0.000000e+00
1.37125,1.900208e-01,0.000000e+00
1.37250,1.160483e-01,0.000000e+00
1.37375,6.826260e-02,0.000000e+00
1.37500,3.865233e-02,0.000000e+00
1.37625,2.105685e-02,0.000000e+00
1.37750,1.103136e-02,0.000000e+00
1.37875,5.554848e-03,0.000000e+00
1.38000,2.687638e-03,0.000000e+00
1.38125,1.249047e-03,0.000000e+00
1.38250,5.571216e-04,0.000000e+00
1.38375,2.382507e-04,0.000000e+00
1.38500,9.736490e-05,0.000000e+00
1.38625,3.785833e-05,0.000000e+00
1.38750,1.372429e-05,0.000000e+00
1.38875,4.350022e-06,0.000000e+00
1.39000,9.828871e-07,0.000000e+00
1.39125,0.000000e+00,0.000000e+00
1.39250,0.000000e+00,0.000000e+00
1.39375,0.000000e+00,0.000000e+00
1.39500,0.000000e+00,0.000000e+00
1.39625,0.000000e+00,0.000000e+00
1.39750,0.000000e+00,0.000000e+00
1.39875,0.000000e+00,0.000000e+00
1.40000,0.000000e+00,0.000000e+00
1.40125,0.000000e+00,0.000000e+00
1.40250,0.000000e+00,0.000000e+00
1.40375,0.000000e+00,0.000000e+00
1.40500,0.000000e+00,0.000000e+00
1.40625,0.000000e+00,0.000000e+00
1.40750,0.000000e+00,0.000000e+00
1.40875,0.000000e+00,0.000000e+00
1.41000,0.000000e+00,0.000000e+00
1.41125,0.000000e+00,0.000000e+00
1.41250,0.000000e+00,0.000000e+00
1.41375,0.000000e+00,0.000000e+00
1.41500,0.000000e+00,0.000000e+00
1.41625,0.000000e+00,0.000000e+00
1.41750,0.000000e+00,0.000000e+00
1.41875,0.000000e+00,0.000000e+00
1.42000,0.000000e+00,0.000000e+00
1.42125,0.000000e+00,0.000000e+00
1.42250,0.000000e+00,0.000000e+00
1.42375,0.000000e+00,0.000000e+00
1.42500,0.000000e+00,0.000000e+00
1.42625,0.000000e+00,0.000000e+00
1.42750,0.000000e+00,0.000000e+00
1.42875,0.000000e+00,0.000000e+00
1.43000,0.000000e+00,0.000000e+00
1.43125,0.000000e+00,0.000000e+00
1.43250,0.000000e+00,0.000000e+00
1.43375,0.000000e+00,0.000000e+00
1.43500,0.000000e+00,0.000000e+00
1.43625,0.000000e+00,0.000000e+00
1.43750,0.000000e+00,0.000000e+00
1.43875,0.000000e+00,0.000000e+00
1.44000,0.000000e+00,0.000000e+00
1.44125,0.000000e+00,0.000000e+00
1.44250,0.000000e+00,0.000000e+00
1.44375,0.000000e+00,0.000000e+00
1.44500,0.000000e+00,0.000000e+00
1.44625,0.000000e+00,0.000000e+00
1.44750,0.000000e+00,0.000000e+00
1.44875,0.000000e+00,0.000000e+00
1.45000,0.000000e+00,0.000000e+00
1.45125,0.000000e+00,0.000000e+00
1.45250,0.000000e+00,0.000000e+00
1.45375,0.000000e+00,0.000000e+00
1.45500,0.000000e+00,0.000000e+00
1.45625,0.000000e+00,0.000000e+00
1.45750,0.000000e+00,0.000000e+00
1.45875,0.000000e+00,0.000000e+00
1.46000,0.000000e+00,0.000000e+00
1.46125,0.000000e+00,0.000000e+00
1.46250,0.000000e+00,0.000000e+00
1.46375,0.000000e+00,0.000000e+00
1.46500,0.000000e+00,0.000000e+00
1.46625,0.000000e+00,0.000000e+00
1.46750,0.000000e+00,0.000000e+00
1.46875,0.000000e+00,0.000000e+00
1.47000,0.000000e+00,0.000000e+00
1.47125,0.000000e+00,0.000000e+00
1.47250,0.000000e+00,0.000000e+00
1.47375,0.000000e+00,0.000000e+00
1.47500,0.000000e+00,0.000000e+00
1.47625,0.000000e+00,0.000000e+00
1.47750,0.000000e+00,0.000000e+00
1.47875,0.000000e+00,0.000000e+00
1.48000,0.000000e+00,0.000000e+00
1.48125,0.000000e+00,0.000000e+00
1.48250,0.000000e+00,0.000000e+00
1.48375,0.000000e+00,0.000000e+00
1.48500,0.000000e+00,0.000000e+00
1.48625,0.000000e+00,0.000000e+00
1.48750,0.000000e+00,0.000000e+00
1.48875,0.000000e+00,0.000000e+00
1.49000,0.000000e+00,0.000000e+00
1.49125,0.000000e+00,0.000000e+00
1.49250,0.000000e+00,0.000000e+00
1.49375,0.000000e+00,0.000000e+00
1.49500,0.000000e+00,0.000000e+00
1.49625,0.000000e+00,0.000000e+00
1.49750,0.000000e+00,0.000000e+00
1.49875,0.000000e+00,0.000000e+00
1.50000,0.000000e+00,0.000000e+00
1.50125,0.000000e+00,0.000000e+00
1.50250,0.000000e+00,0.000000e+00
1.50375,0.000000e+00,0.000000e+00
1.50500,0.000000e+00,0.000000e+00
1.50625,0.000000e+00,0.000000e+00
1.50750,0.000000e+00,0.000000e+00
1.50875,0.000000e+00,0.000000e+00
1.51000,0.000000e+00,0.000000e+00
1.51125,0.000000e+00,0.000000e+00
1.51250,0.000000e+00,0.000000e+00
1.51375,0.000000e+00,0.000000e+00
1.51500,0.000000e+00,0.000000e+00
1.51625,0.000000e+00,0.000000e+00
1.51750,0.000000e+00,0.000000e+00
1.51875,7.158281e-08,0.000000e+00
1.52000,5.949649e-07,0.000000e+00
1.52125,2.056012e-06,0.000000e+00
1.52250,5.913031e-06,0.000000e+00
1.52375,1.559284e-05,0.000000e+00
1.52500,3.881827e-05,0.000000e+00
1.52625,9.236633e-05,0.000000e+00
1.52750,2.105178e-04,0.000000e+00
1.52875,4.603611e-04,0.000000e+00
1.53000,9.663711e-04,0.000000e+00
1.53125,1.948479e-03,0.000000e+00
1.53250,3.774612e-03,0.000000e+00
1.53375,7.028033e-03,0.000000e+00
1.53500,1.258156e-02,0.000000e+00
1.53625,2.166458e-02,0.000000e+00
1.53750,3.589902e-02,0.000000e+00
1.53875,5.727449e-02,0.000000e+00
1.54000,8.803353e-02,0.000000e+00
1.54125,1.304508e-01,0.000000e+00
1.54250,1.865121e-01,0.000000e+00
1.54375,2.575326e-01,0.000000e+00
1.54500,3.437863e-01,0.000000e+00
1.54625,4.442340e-01,0.000000e+00
1.54750,5.564384e-01,0.000000e+00
1.54875,6.767148e-01,0.000000e+00
1.55000,8.005182e-01,0.000000e+00
1.55125,9.230004e-01,0.000000e+00
1.55250,1.039626e+00,0.000000e+00
1.55375,1.146724e+00,0.000000e+00
1.55500,1.241856e+00,0.000000e+00
1.55625,1.323951e+00,0.000000e+00
1.55750,1.393210e+00,0.000000e+00
1.55875,1.450823e+00,0.000000e+00
1.56000,1.498599e+00,0.000000e+00
1.56125,1.538591e+00,0.000000e+00
1.56250,1.572793e+00,0.000000e+00
1.56375,1.602932e+00,0.000000e+00
1.56500,1.630379e+00,0.000000e+00
1.56625,1.656142e+00,0.000000e+00
1.56750,1.680922e+00,0.000000e+00
1.56875,1.705193e+00,0.000000e+00
1.57000,1.729278e+00,0.000000e+00
1.57125,1.753408e+00,0.000000e+00
1.57250,1.777754e+00,0.000000e+00
1.57375,1.802440e+00,0.000000e+00
1.57500,1.827538e+00,0.000000e+00
1.57625,1.853064e+00,0.000000e+00
1.57750,1.878981e+00,0.000000e+00
1.57875,1.905207e+00,0.000000e+00
1.58000,1.931644e+00,0.000000e+00
1.58125,1.958199e+00,0.000000e+00
1.58250,1.984812e+00,0.000000e+00
1.58375,2.011467e+00,0.000000e+00
1.58500,2.038198e+00,0.000000e+00
1.58625,2.065082e+00,0.000000e+00
1.58750,2.092225e+00,0.000000e+00
1.58875,2.119747e+00,0.000000e+00
1.59000,2.147770e+00,0.000000e+00
1.59125,2.176399e+00,0.000000e+00
1.59250,2.205710e+00,0.000000e+00
1.59375,2.235735e+00,0.000000e+00
1.59500,2.266453e+00,0.000000e+00
1.59625,2.297784e+00,0.000000e+00
1.59750,2.329606e+00,0.000000e+00
1.59875,2.361780e+00,0.000000e+00
1.60000,2.394193e+00,0.000000e+00
1.60125,2.426796e+00,0.000000e+00
1.60250,2.459640e+00,0.000000e+00
1.60375,2.492883e+00,0.000000e+00
1.60500,2.526779e+00,0.000000e+00
1.60625,2.561653e+00,0.000000e+00
1.60750,2.597875e+00,0.000000e+00
1.60875,2.635866e+00,0.000000e+00
1.61000,2.676162e+00,0.000000e+00
1.61125,2.719579e+00,0.000000e+00
1.61250,2.767470e+00,0.000000e+00
1.61375,2.822069e+00,0.000000e+00
1.61500,2.886887e+00,0.000000e+00
1.61625,2.967046e+00,0.000000e+00
1.61750,3.069440e+00,0.000000e+00
1.61875,3.202586e+00,0.000000e+00
1.62000,3.376044e+00,0.000000e+00
1.62125,3.599359e+00,0.000000e+00
1.62250,3.880608e+00,0.000000e+00
1.62375,4.224735e+00,0.000000e+00
1.62500,4.632026e+00,0.000000e+00
1.62625,5.097100e+00,0.000000e+00
1.62750,5.608736e+00,0.000000e+00
1.62875,6.150731e+00,0.000000e+00
1.63000,6.703697e+00,0.000000e+00
1.63125,7.247492e+00,0.000000e+00
1.63250,7.763788e+00,0.000000e+00
1.63375,8.238246e+00,0.000000e+00
1.63500,8.661883e+00,0.000000e+00
1.63625,9.031440e+00,0.000000e+00
1.63750,9.348808e+00,0.000000e+00
1.63875,9.619785e+00,0.000000e+00
1.64000,9.852530e+00,0.000000e+00
1.64125,1.005607e+01,0.000000e+00
1.64250,1.023914e+01,0.000000e+00
1.64375,1.040937e+01,0.000000e+00
1.64500,1.057305e+01,0.000000e+00
1.64625,1.073504e+01,0.000000e+00
1.64750,1.089904e+01,0.000000e+00
1.64875,1.106789e+01,0.000000e+00
1.65000,1.124386e+01,0.000000e+00
1.65125,1.142895e+01,0.000000e+00
1.65250,1.162501e+01,0.000000e+00
1.65375,1.183395e+01,0.000000e+00
1.65500,1.205779e+01,0.000000e+00
1.65625,1.229882e+01,0.000000e+00
1.65750,1.255973e+01,0.000000e+00
1.65875,1.284384e+01,0.000000e+00
1.66000,1.315524e+01,0.000000e+00
1.66125,1.349894e+01,0.000000e+00
1.66250,1.388076e+01,0.000000e+00
1.66375,1.430699e+01,0.000000e+00
1.66500,1.478350e+01,0.000000e+00
1.66625,1.531447e+01,0.000000e+00
1.66750,1.590045e+01,0.000000e+00
1.66875,1.653630e+01,0.000000e+00
1.67000,1.720907e+01,0.000000e+00
1.67125,1.789656e+01,0.000000e+00
1.67250,1.856719e+01,0.000000e+00
1.67375,1.918161e+01,0.000000e+00
1.67500,1.969632e+01,0.000000e+00
1.67625,2.006888e+01,0.000000e+00
1.67750,2.026403e+01,0.000000e+00
1.67875,2.025927e+01,0.000000e+00
1.68000,2.004880e+01,0.000000e+00
1.68125,1.964469e+01,0.000000e+00
1.68250,1.907514e+01,0.000000e+00
1.68375,1.838003e+01,0.000000e+00
1.68500,1.760504e+01,0.000000e+00
1.68625,1.679546e+01,0.000000e+00
1.68750,1.599110e+01,0.000000e+00
1.68875,1.522296e+01,0.000000e+00
1.69000,1.451202e+01,0.000000e+00
1.69125,1.386980e+01,0.000000e+00
1.69250,1.330010e+01,0.000000e+00
1.69375,1.280125e+01,0.000000e+00
1.69500,1.236834e+01,0.000000e+00
1.69625,1.199483e+01,0.000000e+00
1.69750,1.167361e+01,0.000000e+00
1.69875,1.139737e+01,0.000000e+00
1.70000,1.115847e+01,0.000000e+00
1.70125,1.094854e+01,0.000000e+00
1.70250,1.075800e+01,0.000000e+00
1.70375,1.057590e+01,0.000000e+00
1.70500,1.039005e+01,0.000000e+00
1.70625,1.018779e+01,0.000000e+00
1.70750,9.957251e+00,0.000000e+00
1.70875,9.688964e+00,0.000000e+00
1.71000,9.377571e+00,0.000000e+00
1.71125,9.023176e+00,0.000000e+00
1.71250,8.632004e+00,0.000000e+00
1.71375,8.216105e+00,0.000000e+00
1.71500,7.792057e+00,0.000000e+00
1.71625,7.378888e+00,0.000000e+00
1.71750,6.995601e+00,0.000000e+00
1.71875,6.658821e+00,0.000000e+00
1.72000,6.380996e+00,0.000000e+00
1.72125,6.169434e+00,0.000000e+00
1.72250,6.026222e+00,0.000000e+00
1.72375,5.948839e+00,0.000000e+00
1.72500,5.931178e+00,0.000000e+00
1.72625,5.964628e+00,0.000000e+00
1.72750,6.039006e+00,0.000000e+00
1.72875,6.143221e+00,0.000000e+00
1.73000,6.265725e+00,0.000000e+00
1.73125,6.394901e+00,0.000000e+00
1.73250,6.519499e+00,0.000000e+00
1.73375,6.629238e+00,0.000000e+00
1.73500,6.715511e+00,0.000000e+00
1.73625,6.772101e+00,0.000000e+00
1.73750,6.795699e+00,0.000000e+00
1.73875,6.786088e+00,0.000000e+00
1.74000,6.745904e+00,0.000000e+00
1.74125,6.680003e+00,0.000000e+00
1.74250,6.594571e+00,0.000000e+00
1.74375,6.496172e+00,0.000000e+00
1.74500,6.390917e+00,0.000000e+00
1.74625,6.283886e+00,0.000000e+00
1.74750,6.178858e+00,0.000000e+00
1.74875,6.078311e+00,0.000000e+00
1.75000,5.983612e+00,0.000000e+00
1.75125,5.895288e+00,0.000000e+00
1.75250,5.813305e+00,0.000000e+00
1.75375,5.737281e+00,0.000000e+00
1.75500,5.666645e+00,0.000000e+00
1.75625,5.600724e+00,0.000000e+00
1.75750,5.538809e+00,0.000000e+00
1.75875,5.480197e+00,0.000000e+00
1.76000,5.424235e+00,0.000000e+00
1.76125,5.370368e+00,0.000000e+00
1.76250,5.318165e+00,0.000000e+00
1.76375,5.267347e+00,0.000000e+00
1.76500,5.217772e+00,0.000000e+00
1.76625,5.169411e+00,0.000000e+00
1.76750,5.122299e+00,0.000000e+00
1.76875,5.076494e+00,0.000000e+00
1.77000,5.032033e+00,0.000000e+00
1.77125,4.988906e+00,0.000000e+00
1.77250,4.947056e+00,0.000000e+00
1.77375,4.906387e+00,0.000000e+00
1.77500,4.866774e+00,0.000000e+00
1.77625,4.828091e+00,0.000000e+00
1.77750,4.790216e+00,0.000000e+00
1.77875,4.753046e+00,0.000000e+00
1.78000,4.716497e+00,0.000000e+00
1.78125,4.680511e+00,0.000000e+00
1.78250,4.645047e+00,0.000000e+00
1.78375,4.610084e+00,0.000000e+00
1.78500,4.575617e+00,0.000000e+00
1.78625,4.541651e+00,0.000000e+00
1.78750,4.508202e+00,0.000000e+00
1.78875,4.475301e+00,0.000000e+00
1.79000,4.442994e+00,0.000000e+00
1.79125,4.411350e+00,0.000000e+00
1.79250,4.380456e+00,0.000000e+00
1.79375,4.350412e+00,0.000000e+00
1.79500,4.321315e+00,0.000000e+00
1.79625,4.293241e+00,0.000000e+00
1.79750,4.266217e+00,0.000000e+00
1.79875,4.240208e+00,0.000000e+00
1.80000,4.215108e+00,0.000000e+00
1.80125,4.190742e+00,0.000000e+00
1.80250,4.166886e+00,0.000000e+00
1.80375,4.143295e+00,0.000000e+00
1.80500,4.119736e+00,0.000000e+00
1.80625,4.096024e+00,0.000000e+00
1.80750,4.072051e+00,0.000000e+00
1.80875,4.047794e+00,0.000000e+00
1.81000,4.023322e+00,0.000000e+00
1.81125,3.998768e+00,0.000000e+00
1.81250,3.974313e+00,0.000000e+00
1.81375,3.950144e+00,0.000000e+00
1.81500,3.926433e+00,0.000000e+00
1.81625,3.903313e+00,0.000000e+00
1.81750,3.880864e+00,0.000000e+00
1.81875,3.859105e+00,0.000000e+00
1.82000,3.837990e+00,0.000000e+00
1.82125,3.817410e+00,0.000000e+00
1.82250,3.797207e+00,0.000000e+00
1.82375,3.777195e+00,0.000000e+00
1.82500,3.757203e+00,0.000000e+00
1.82625,3.737119e+00,0.000000e+00
1.82750,3.716940e+00,0.000000e+00
1.82875,3.696796e+00,0.000000e+00
1.83000,3.676940e+00,0.000000e+00
1.83125,3.657707e+00,0.000000e+00
1.83250,3.639429e+00,0.000000e+00
1.83375,3.622351e+00,0.000000e+00
1.83500,3.606553e+00,0.000000e+00
1.83625,3.591919e+00,0.000000e+00
1.83750,3.578141e+00,0.000000e+00
1.83875,3.564776e+00,0.000000e+00
1.84000,3.551319e+00,0.000000e+00
1.84125,3.537257e+00,0.000000e+00
1.84250,3.522094e+00,0.000000e+00
1.84375,3.505301e+00,0.000000e+00
1.84500,3.486191e+00,0.000000e+00
1.84625,3.463734e+00,0.000000e+00
1.84750,3.436332e+00,0.000000e+00
1.84875,3.401608e+00,0.000000e+00
1.85000,3.356275e+00,0.000000e+00
1.85125,3.296154e+00,0.000000e+00
1.85250,3.216403e+00,0.000000e+00
1.85375,3.111997e+00,0.000000e+00
1.85500,2.978449e+00,0.000000e+00
1.85625,2.812680e+00,0.000000e+00
1.85750,2.613895e+00,0.000000e+00
1.85875,2.384261e+00,0.000000e+00
1.86000,2.129181e+00,0.000000e+00
1.86125,1.857041e+00,0.000000e+00
1.86250,1.578396e+00,0.000000e+00
1.86375,1.304729e+00,0.000000e+00
1.86500,1.047007e+00,0.000000e+00
1.86625,8.143426e-01,0.000000e+00
1.86750,6.130300e-01,0.000000e+00
1.86875,4.461061e-01,0.000000e+00
1.87000,3.134809e-01,0.000000e+00
1.87125,2.125181e-01,0.000000e+00
1.87250,1.388807e-01,0.000000e+00
1.87375,8.742695e-02,0.000000e+00
1.87500,5.298374e-02,0.000000e+00
1.87625,3.089613e-02,0.000000e+00
1.87750,1.732724e-02,0.000000e+00
1.87875,9.342072e-03,0.000000e+00
1.88000,4.840439e-03,0.000000e+00
1.88125,2.409441e-03,0.000000e+00
1.88250,1.151812e-03,0.000000e+00
1.88375,5.285843e-04,0.000000e+00
1.88500,2.326977e-04,0.000000e+00
1.88625,9.815331e-05,0.000000e+00
1.88750,3.955127e-05,0.000000e+00
1.88875,1.509406e-05,0.000000e+00
1.89000,5.339005e-06,0.000000e+00
1.89125,1.556126e-06,0.000000e+00
1.89250,2.037357e-07,0.000000e+00
1.89375,0.000000e+00,0.000000e+00
1.89500,0.000000e+00,0.000000e+00
1.89625,0.000000e+00,0.000000e+00
1.89750,0.000000e+00,0.000000e+00
1.89875,0.000000e+00,0.000000e+00
1.90000,0.000000e+00,0.000000e+00
1.90125,0.000000e+00,0.000000e+00
1.90250,0.000000e+00,0.000000e+00
1.90375,0.000000e+00,0.000000e+00
1.90500,0.000000e+00,0.000000e+00
1.90625,0.000000e+00,0.000000e+00
1.90750,0.000000e+00,0.000000e+00
1.90875,0.000000e+00,0.000000e+00
1.91000,0.000000e+00,0.000000e+00
1.91125,0.000000e+00,0.000000e+00
1.91250,0.000000e+00,0.000000e+00
1.91375,0.000000e+00,0.000000e+00
1.91500,0.000000e+00,0.000000e+00
1.91625,0.000000e+00,0.000000e+00
1.91750,0.000000e+00,0.000000e+00
1.91875,0.000000e+00,0.000000e+00
1.92000,0.000000e+00,0.000000e+00
1.92125,0.000000e+00,0.000000e+00
1.92250,0.000000e+00,0.000000e+00
1.92375,0.000000e+00,0.000000e+00
1.92500,0.000000e+00,0.000000e+00
1.92625,0.000000e+00,0.000000e+00
1.92750,0.000000e+00,0.000000e+00
1.92875,0.000000e+00,0.000000e+00
1.93000,0.000000e+00,0.000000e+00
1.93125,0.000000e+00,0.000000e+00
1.93250,0.000000e+00,0.000000e+00
1.93375,0.000000e+00,0.000000e+00
1.93500,0.000000e+00,0.000000e+00
1.93625,0.000000e+00,0.000000e+00
1.93750,0.000000e+00,0.000000e+00
1.93875,0.000000e+00,0.000000e+00
1.94000,0.000000e+00,0.000000e+00
1.94125,0.000000e+00,0.000000e+00
1.94250,0.000000e+00,0.000000e+00
1.94375,0.000000e+00,0.000000e+00
1.94500,0.000000e+00,0.000000e+00
1.94625,0.000000e+00,0.000000e+00
1.94750,0.000000e+00,0.000000e+00
1.94875,0.000000e+00,0.000000e+00
1.95000,0.000000e+00,0.000000e+00
1.95125,0.000000e+00,0.000000e+00
1.95250,0.000000e+00,0.000000e+00
1.95375,0.000000e+00,0.000000e+00
1.95500,0.000000e+00,0.000000e+00
1.95625,0.000000e+00,0.000000e+00
1.95750,0.000000e+00,0.000000e+00
1.95875,0.000000e+00,0.000000e+00
1.96000,0.000000e+00,0.000000e+00
1.96125,0.000000e+00,0.000000e+00
1.96250,0.000000e+00,0.000000e+00
1.96375,0.000000e+00,0.000000e+00
1.96500,0.000000e+00,0.000000e+00
1.96625,0.000000e+00,0.000000e+00
1.96750,0.000000e+00,0.000000e+00
1.96875,0.000000e+00,0.000000e+00
1.97000,0.000000e+00,0.000000e+00
1.97125,0.000000e+00,0.000000e+00
1.97250,0.000000e+00,0.000000e+00
1.97375,0.000000e+00,0.000000e+00
1.97500,0.000000e+00,0.000000e+00
1.97625,0.000000e+00,0.000000e+00
1.97750,0.000000e+00,0.000000e+00
1.97875,0.000000e+00,0.000000e+00
1.98000,0.000000e+00,0.000000e+00
1.98125,0.000000e+00,0.000000e+00
1.98250,0.000000e+00,0.000000e+00
1.98375,0.000000e+00,0.000000e+00
1.98500,0.000000e+00,0.000000e+00
1.98625,0.000000e+00,0.000000e+00
1.98750,0.000000e+00,0.000000e+00
1.98875,0.000000e+00,0.000000e+00
1.99000,0.000000e+00,0.000000e+00
1.99125,0.000000e+00,0.000000e+00
1.99250,0.000000e+00,0.000000e+00
1.99375,0.000000e+00,0.000000e+00
1.99500,0.000000e+00,0.000000e+00
1.99625,0.000000e+00,0.000000e+00
1.99750,0.000000e+00,0.000000e+00
1.99875,0.000000e+00,0.000000e+00
2.00000,0.000000e+00,0.000000e+00
