path_coordinate,kx,ky,omega
0.000000,0.000000,0.000000,0.000000
0.019635,0.019635,0.000000,0.019635
0.039270,0.039270,0.000000,0.039267
0.058905,0.058905,0.000000,0.058896
0.078540,0.078540,0.000000,0.078520
0.098175,0.098175,0.000000,0.098135
0.117810,0.117810,0.000000,0.117742
0.137445,0.137445,0.000000,0.137337
0.157080,0.157080,0.000000,0.156918
0.176715,0.176715,0.000000,0.176485
0.196350,0.196350,0.000000,0.196034
0.215984,0.215984,0.000000,0.215565
0.235619,0.235619,0.000000,0.235075
0.255254,0.255254,0.000000,0.254562
0.274889,0.274889,0.000000,0.274025
0.294524,0.294524,0.000000,0.293461
0.314159,0.314159,0.000000,0.312869
0.333794,0.333794,0.000000,0.332247
0.353429,0.353429,0.000000,0.351593
0.373064,0.373064,0.000000,0.370904
0.392699,0.392699,0.000000,0.390181
0.412334,0.412334,0.000000,0.409419
0.431969,0.431969,0.000000,0.428618
0.451604,0.451604,0.000000,0.447776
0.471239,0.471239,0.000000,0.466891
0.490874,0.490874,0.000000,0.485960
0.510509,0.510509,0.000000,0.504983
0.530144,0.530144,0.000000,0.523957
0.549779,0.549779,0.000000,0.542881
0.569414,0.569414,0.000000,0.561752
0.589049,0.589049,0.000000,0.580569
0.608684,0.608684,0.000000,0.599331
0.628319,0.628319,0.000000,0.618034
0.647953,0.647953,0.000000,0.636678
0.667588,0.667588,0.000000,0.655260
0.687223,0.687223,0.000000,0.673780
0.706858,0.706858,0.000000,0.692234
0.726493,0.726493,0.000000,0.710622
0.746128,0.746128,0.000000,0.728941
0.765763,0.765763,0.000000,0.747190
0.785398,0.785398,0.000000,0.765367
0.805033,0.805033,0.000000,0.783470
0.824668,0.824668,0.000000,0.801498
0.844303,0.844303,0.000000,0.819448
0.863938,0.863938,0.000000,0.837319
0.883573,0.883573,0.000000,0.855110
0.903208,0.903208,0.000000,0.872818
0.922843,0.922843,0.000000,0.890443
0.942478,0.942478,0.000000,0.907981
0.962113,0.962113,0.000000,0.925432
0.981748,0.981748,0.000000,0.942793
1.001383,1.001383,0.000000,0.960064
1.021018,1.021018,0.000000,0.977242
1.040653,1.040653,0.000000,0.994327
1.060288,1.060288,0.000000,1.011315
1.079922,1.079922,0.000000,1.028205
1.099557,1.099557,0.000000,1.044997
1.119192,1.119192,0.000000,1.061688
1.138827,1.138827,0.000000,1.078277
1.158462,1.158462,0.000000,1.094761
1.178097,1.178097,0.000000,1.111140
1.197732,1.197732,0.000000,1.127413
1.217367,1.217367,0.000000,1.143576
1.237002,1.237002,0.000000,1.159629
1.256637,1.256637,0.000000,1.175571
1.276272,1.276272,0.000000,1.191399
1.295907,1.295907,0.000000,1.207112
1.315542,1.315542,0.000000,1.222709
1.335177,1.335177,0.000000,1.238188
1.354812,1.354812,0.000000,1.253548
1.374447,1.374447,0.000000,1.268787
1.394082,1.394082,0.000000,1.283903
1.413717,1.413717,0.000000,1.298896
1.433352,1.433352,0.000000,1.313764
1.452987,1.452987,0.000000,1.328505
1.472622,1.472622,0.000000,1.343118
1.492257,1.492257,0.000000,1.357601
1.511891,1.511891,0.000000,1.371954
1.531526,1.531526,0.000000,1.386175
1.551161,1.551161,0.000000,1.400262
1.570796,1.570796,0.000000,1.414214
1.590431,1.590431,0.000000,1.428029
1.610066,1.610066,0.000000,1.441707
1.629701,1.629701,0.000000,1.455246
1.649336,1.649336,0.000000,1.468645
1.668971,1.668971,0.000000,1.481902
1.688606,1.688606,0.000000,1.495017
1.708241,1.708241,0.000000,1.507987
1.727876,1.727876,0.000000,1.520812
1.747511,1.747511,0.000000,1.533490
1.767146,1.767146,0.000000,1.546021
1.786781,1.786781,0.000000,1.558402
1.806416,1.806416,0.000000,1.570634
1.826051,1.826051,0.000000,1.582714
1.845686,1.845686,0.000000,1.594641
1.865321,1.865321,0.000000,1.606415
1.884956,1.884956,0.000000,1.618034
1.904591,1.904591,0.000000,1.629497
1.924226,1.924226,0.000000,1.640803
1.943860,1.943860,0.000000,1.651951
1.963495,1.963495,0.000000,1.662939
1.983130,1.983130,0.000000,1.673768
2.002765,2.002765,0.000000,1.684434
2.022400,2.022400,0.000000,1.694939
2.042035,2.042035,0.000000,1.705280
2.061670,2.061670,0.000000,1.715457
2.081305,2.081305,0.000000,1.725469
2.100940,2.100940,0.000000,1.735314
2.120575,2.120575,0.000000,1.744992
2.140210,2.140210,0.000000,1.754502
2.159845,2.159845,0.000000,1.763843
2.179480,2.179480,0.000000,1.773013
2.199115,2.199115,0.000000,1.782013
2.218750,2.218750,0.000000,1.790841
2.238385,2.238385,0.000000,1.799497
2.258020,2.258020,0.000000,1.807979
2.277655,2.277655,0.000000,1.816286
2.297290,2.297290,0.000000,1.824419
2.316925,2.316925,0.000000,1.832376
2.336560,2.336560,0.000000,1.840156
2.356194,2.356194,0.000000,1.847759
2.375829,2.375829,0.000000,1.855184
2.395464,2.395464,0.000000,1.862430
2.415099,2.415099,0.000000,1.869496
2.434734,2.434734,0.000000,1.876383
2.454369,2.454369,0.000000,1.883088
2.474004,2.474004,0.000000,1.889612
2.493639,2.493639,0.000000,1.895954
2.513274,2.513274,0.000000,1.902113
2.532909,2.532909,0.000000,1.908089
2.552544,2.552544,0.000000,1.913881
2.572179,2.572179,0.000000,1.919488
2.591814,2.591814,0.000000,1.924910
2.611449,2.611449,0.000000,1.930147
2.631084,2.631084,0.000000,1.935198
2.650719,2.650719,0.000000,1.940063
2.670354,2.670354,0.000000,1.944740
2.689989,2.689989,0.000000,1.949230
2.709624,2.709624,0.000000,1.953532
2.729259,2.729259,0.000000,1.957646
2.748894,2.748894,0.000000,1.961571
2.768529,2.768529,0.000000,1.965307
2.788163,2.788163,0.000000,1.968853
2.807798,2.807798,0.000000,1.972210
2.827433,2.827433,0.000000,1.975377
2.847068,2.847068,0.000000,1.978353
2.866703,2.866703,0.000000,1.981139
2.886338,2.886338,0.000000,1.983733
2.905973,2.905973,0.000000,1.986137
2.925608,2.925608,0.000000,1.988349
2.945243,2.945243,0.000000,1.990369
2.964878,2.964878,0.000000,1.992198
2.984513,2.984513,0.000000,1.993835
3.004148,3.004148,0.000000,1.995279
3.023783,3.023783,0.000000,1.996531
3.043418,3.043418,0.000000,1.997591
3.063053,3.063053,0.000000,1.998458
3.082688,3.082688,0.000000,1.999133
3.102323,3.102323,0.000000,1.999614
3.121958,3.121958,0.000000,1.999904
3.141593,3.141593,0.000000,2.000000
3.161228,3.141593,0.019635,2.000096
3.180863,3.141593,0.039270,2.000385
3.200498,3.141593,0.058905,2.000867
3.220132,3.141593,0.078540,2.001541
3.239767,3.141593,0.098175,2.002406
3.259402,3.141593,0.117810,2.003463
3.279037,3.141593,0.137445,2.004710
3.298672,3.141593,0.157080,2.006146
3.318307,3.141593,0.176715,2.007772
3.337942,3.141593,0.196350,2.009584
3.357577,3.141593,0.215984,2.011584
3.377212,3.141593,0.235619,2.013768
3.396847,3.141593,0.255254,2.016135
3.416482,3.141593,0.274889,2.018685
3.436117,3.141593,0.294524,2.021415
3.455752,3.141593,0.314159,2.024324
3.475387,3.141593,0.333794,2.027409
3.495022,3.141593,0.353429,2.030669
3.514657,3.141593,0.373064,2.034102
3.534292,3.141593,0.392699,2.037705
3.553927,3.141593,0.412334,2.041476
3.573562,3.141593,0.431969,2.045413
3.593197,3.141593,0.451604,2.049513
3.612832,3.141593,0.471239,2.053774
3.632467,3.141593,0.490874,2.058193
3.652101,3.141593,0.510509,2.062767
3.671736,3.141593,0.530144,2.067494
3.691371,3.141593,0.549779,2.072371
3.711006,3.141593,0.569414,2.077394
3.730641,3.141593,0.589049,2.082561
3.750276,3.141593,0.608684,2.087869
3.769911,3.141593,0.628319,2.093315
3.789546,3.141593,0.647953,2.098895
3.809181,3.141593,0.667588,2.104606
3.828816,3.141593,0.687223,2.110445
3.848451,3.141593,0.706858,2.116409
3.868086,3.141593,0.726493,2.122495
3.887721,3.141593,0.746128,2.128698
3.907356,3.141593,0.765763,2.135016
3.926991,3.141593,0.785398,2.141445
3.946626,3.141593,0.805033,2.147982
3.966261,3.141593,0.824668,2.154623
3.985896,3.141593,0.844303,2.161364
4.005531,3.141593,0.863938,2.168203
4.025166,3.141593,0.883573,2.175135
4.044801,3.141593,0.903208,2.182158
4.064435,3.141593,0.922843,2.189267
4.084070,3.141593,0.942478,2.196458
4.103705,3.141593,0.962113,2.203730
4.123340,3.141593,0.981748,2.211077
4.142975,3.141593,1.001383,2.218496
4.162610,3.141593,1.021018,2.225984
4.182245,3.141593,1.040653,2.233536
4.201880,3.141593,1.060288,2.241151
4.221515,3.141593,1.079922,2.248823
4.241150,3.141593,1.099557,2.256550
4.260785,3.141593,1.119192,2.264328
4.280420,3.141593,1.138827,2.272153
4.300055,3.141593,1.158462,2.280022
4.319690,3.141593,1.178097,2.287932
4.339325,3.141593,1.197732,2.295879
4.358960,3.141593,1.217367,2.303859
4.378595,3.141593,1.237002,2.311869
4.398230,3.141593,1.256637,2.319906
4.417865,3.141593,1.276272,2.327967
4.437500,3.141593,1.295907,2.336048
4.457135,3.141593,1.315542,2.344145
4.476770,3.141593,1.335177,2.352256
4.496404,3.141593,1.354812,2.360377
4.516039,3.141593,1.374447,2.368506
4.535674,3.141593,1.394082,2.376638
4.555309,3.141593,1.413717,2.384771
4.574944,3.141593,1.433352,2.392901
4.594579,3.141593,1.452987,2.401026
4.614214,3.141593,1.472622,2.409142
4.633849,3.141593,1.492257,2.417247
4.653484,3.141593,1.511891,2.425337
4.673119,3.141593,1.531526,2.433409
4.692754,3.141593,1.551161,2.441461
4.712389,3.141593,1.570796,2.449490
4.732024,3.141593,1.590431,2.457492
4.751659,3.141593,1.610066,2.465465
4.771294,3.141593,1.629701,2.473407
4.790929,3.141593,1.649336,2.481314
4.810564,3.141593,1.668971,2.489183
4.830199,3.141593,1.688606,2.497013
4.849834,3.141593,1.708241,2.504800
4.869469,3.141593,1.727876,2.512542
4.889104,3.141593,1.747511,2.520237
4.908739,3.141593,1.767146,2.527881
4.928373,3.141593,1.786781,2.535472
4.948008,3.141593,1.806416,2.543008
4.967643,3.141593,1.826051,2.550487
4.987278,3.141593,1.845686,2.557906
5.006913,3.141593,1.865321,2.565262
5.026548,3.141593,1.884956,2.572554
5.046183,3.141593,1.904591,2.579779
5.065818,3.141593,1.924226,2.586935
5.085453,3.141593,1.943860,2.594020
5.105088,3.141593,1.963495,2.601032
5.124723,3.141593,1.983130,2.607968
5.144358,3.141593,2.002765,2.614827
5.163993,3.141593,2.022400,2.621606
5.183628,3.141593,2.042035,2.628304
5.203263,3.141593,2.061670,2.634918
5.222898,3.141593,2.081305,2.641447
5.242533,3.141593,2.100940,2.647889
5.262168,3.141593,2.120575,2.654241
5.281803,3.141593,2.140210,2.660503
5.301438,3.141593,2.159845,2.666672
5.321073,3.141593,2.179480,2.672747
5.340708,3.141593,2.199115,2.678726
5.360342,3.141593,2.218750,2.684606
5.379977,3.141593,2.238385,2.690388
5.399612,3.141593,2.258020,2.696069
5.419247,3.141593,2.277655,2.701647
5.438882,3.141593,2.297290,2.707121
5.458517,3.141593,2.316925,2.712490
5.478152,3.141593,2.336560,2.717752
5.497787,3.141593,2.356194,2.722905
5.517422,3.141593,2.375829,2.727949
5.537057,3.141593,2.395464,2.732882
5.556692,3.141593,2.415099,2.737703
5.576327,3.141593,2.434734,2.742410
5.595962,3.141593,2.454369,2.747002
5.615597,3.141593,2.474004,2.751478
5.635232,3.141593,2.493639,2.755838
5.654867,3.141593,2.513274,2.760079
5.674502,3.141593,2.532909,2.764200
5.694137,3.141593,2.552544,2.768201
5.713772,3.141593,2.572179,2.772081
5.733407,3.141593,2.591814,2.775839
5.753042,3.141593,2.611449,2.779473
5.772677,3.141593,2.631084,2.782983
5.792311,3.141593,2.650719,2.786367
5.811946,3.141593,2.670354,2.789626
5.831581,3.141593,2.689989,2.792758
5.851216,3.141593,2.709624,2.795762
5.870851,3.141593,2.729259,2.798638
5.890486,3.141593,2.748894,2.801385
5.910121,3.141593,2.768529,2.804002
5.929756,3.141593,2.788163,2.806489
5.949391,3.141593,2.807798,2.808845
5.969026,3.141593,2.827433,2.811070
5.988661,3.141593,2.847068,2.813162
6.008296,3.141593,2.866703,2.815122
6.027931,3.141593,2.886338,2.816948
6.047566,3.141593,2.905973,2.818641
6.067201,3.141593,2.925608,2.820201
6.086836,3.141593,2.945243,2.821626
6.106471,3.141593,2.964878,2.822916
6.126106,3.141593,2.984513,2.824071
6.145741,3.141593,3.004148,2.825091
6.165376,3.141593,3.023783,2.825975
6.185011,3.141593,3.043418,2.826724
6.204645,3.141593,3.063053,2.827337
6.224280,3.141593,3.082688,2.827814
6.243915,3.141593,3.102323,2.828155
6.263550,3.141593,3.121958,2.828359
6.283185,3.141593,3.141593,2.828427
6.302844,3.127692,3.127692,2.828359
6.322503,3.113791,3.113791,2.828154
6.342162,3.099890,3.099890,2.827812
6.361820,3.085989,3.085989,2.827334
6.381479,3.072088,3.072088,2.826719
6.401138,3.058188,3.058188,2.825968
6.420797,3.044287,3.044287,2.825080
6.440455,3.030386,3.030386,2.824056
6.460114,3.016485,3.016485,2.822895
6.479773,3.002584,3.002584,2.821598
6.499432,2.988683,2.988683,2.820165
6.519091,2.974782,2.974782,2.818595
6.538749,2.960882,2.960882,2.816889
6.558408,2.946981,2.946981,2.815047
6.578067,2.933080,2.933080,2.813069
6.597726,2.919179,2.919179,2.810956
6.617384,2.905278,2.905278,2.808706
6.637043,2.891377,2.891377,2.806321
6.656702,2.877476,2.877476,2.803800
6.676361,2.863576,2.863576,2.801144
6.696020,2.849675,2.849675,2.798352
6.715678,2.835774,2.835774,2.795425
6.735337,2.821873,2.821873,2.792364
6.754996,2.807972,2.807972,2.789167
6.774655,2.794071,2.794071,2.785835
6.794313,2.780170,2.780170,2.782369
6.813972,2.766270,2.766270,2.778769
6.833631,2.752369,2.752369,2.775034
6.853290,2.738468,2.738468,2.771166
6.872949,2.724567,2.724567,2.767163
6.892607,2.710666,2.710666,2.763027
6.912266,2.696765,2.696765,2.758757
6.931925,2.682865,2.682865,2.754354
6.951584,2.668964,2.668964,2.749818
6.971242,2.655063,2.655063,2.745149
6.990901,2.641162,2.641162,2.740347
7.010560,2.627261,2.627261,2.735414
7.030219,2.613360,2.613360,2.730347
7.049877,2.599459,2.599459,2.725150
7.069536,2.585559,2.585559,2.719820
7.089195,2.571658,2.571658,2.714359
7.108854,2.557757,2.557757,2.708767
7.128513,2.543856,2.543856,2.703044
7.148171,2.529955,2.529955,2.697190
7.167830,2.516054,2.516054,2.691206
7.187489,2.502153,2.502153,2.685093
7.207148,2.488253,2.488253,2.678849
7.226806,2.474352,2.474352,2.672476
7.246465,2.460451,2.460451,2.665974
7.266124,2.446550,2.446550,2.659343
7.285783,2.432649,2.432649,2.652584
7.305442,2.418748,2.418748,2.645696
7.325100,2.404847,2.404847,2.638681
7.344759,2.390947,2.390947,2.631538
7.364418,2.377046,2.377046,2.624268
7.384077,2.363145,2.363145,2.616872
7.403735,2.349244,2.349244,2.609349
7.423394,2.335343,2.335343,2.601699
7.443053,2.321442,2.321442,2.593925
7.462712,2.307542,2.307542,2.586025
7.482371,2.293641,2.293641,2.578000
7.502029,2.279740,2.279740,2.569850
7.521688,2.265839,2.265839,2.561576
7.541347,2.251938,2.251938,2.553179
7.561006,2.238037,2.238037,2.544658
7.580664,2.224136,2.224136,2.536014
7.600323,2.210236,2.210236,2.527248
7.619982,2.196335,2.196335,2.518360
7.639641,2.182434,2.182434,2.509350
7.659299,2.168533,2.168533,2.500218
7.678958,2.154632,2.154632,2.490966
7.698617,2.140731,2.140731,2.481594
7.718276,2.126830,2.126830,2.472102
7.737935,2.112930,2.112930,2.462490
7.757593,2.099029,2.099029,2.452760
7.777252,2.085128,2.085128,2.442911
7.796911,2.071227,2.071227,2.432943
7.816570,2.057326,2.057326,2.422859
7.836228,2.043425,2.043425,2.412657
7.855887,2.029524,2.029524,2.402339
7.875546,2.015624,2.015624,2.391905
7.895205,2.001723,2.001723,2.381355
7.914864,1.987822,1.987822,2.370690
7.934522,1.973921,1.973921,2.359911
7.954181,1.960020,1.960020,2.349017
7.973840,1.946119,1.946119,2.338010
7.993499,1.932218,1.932218,2.326891
8.013157,1.918318,1.918318,2.315658
8.032816,1.904417,1.904417,2.304314
8.052475,1.890516,1.890516,2.292859
8.072134,1.876615,1.876615,2.281293
8.091793,1.862714,1.862714,2.269616
8.111451,1.848813,1.848813,2.257830
8.131110,1.834913,1.834913,2.245935
8.150769,1.821012,1.821012,2.233932
8.170428,1.807111,1.807111,2.221820
8.190086,1.793210,1.793210,2.209601
8.209745,1.779309,1.779309,2.197276
8.229404,1.765408,1.765408,2.184844
8.249063,1.751507,1.751507,2.172307
8.268721,1.737607,1.737607,2.159665
8.288380,1.723706,1.723706,2.146918
8.308039,1.709805,1.709805,2.134068
8.327698,1.695904,1.695904,2.121114
8.347357,1.682003,1.682003,2.108059
8.367015,1.668102,1.668102,2.094901
8.386674,1.654201,1.654201,2.081642
8.406333,1.640301,1.640301,2.068283
8.425992,1.626400,1.626400,2.054823
8.445650,1.612499,1.612499,2.041265
8.465309,1.598598,1.598598,2.027608
8.484968,1.584697,1.584697,2.013852
8.504627,1.570796,1.570796,2.000000
8.524286,1.556895,1.556895,1.986051
8.543944,1.542995,1.542995,1.972006
8.563603,1.529094,1.529094,1.957866
8.583262,1.515193,1.515193,1.943631
8.602921,1.501292,1.501292,1.929302
8.622579,1.487391,1.487391,1.914880
8.642238,1.473490,1.473490,1.900366
8.661897,1.459590,1.459590,1.885760
8.681556,1.445689,1.445689,1.871062
8.701215,1.431788,1.431788,1.856274
8.720873,1.417887,1.417887,1.841397
8.740532,1.403986,1.403986,1.826431
8.760191,1.390085,1.390085,1.811376
8.779850,1.376184,1.376184,1.796234
8.799508,1.362284,1.362284,1.781005
8.819167,1.348383,1.348383,1.765690
8.838826,1.334482,1.334482,1.750290
8.858485,1.320581,1.320581,1.734805
8.878143,1.306680,1.306680,1.719237
8.897802,1.292779,1.292779,1.703585
8.917461,1.278878,1.278878,1.687851
8.937120,1.264978,1.264978,1.672036
8.956779,1.251077,1.251077,1.656140
8.976437,1.237176,1.237176,1.640163
8.996096,1.223275,1.223275,1.624108
9.015755,1.209374,1.209374,1.607974
9.035414,1.195473,1.195473,1.591762
9.055072,1.181572,1.181572,1.575474
9.074731,1.167672,1.167672,1.559109
9.094390,1.153771,1.153771,1.542669
9.114049,1.139870,1.139870,1.526155
9.133708,1.125969,1.125969,1.509567
9.153366,1.112068,1.112068,1.492906
9.173025,1.098167,1.098167,1.476173
9.192684,1.084266,1.084266,1.459368
9.212343,1.070366,1.070366,1.442493
9.232001,1.056465,1.056465,1.425548
9.251660,1.042564,1.042564,1.408535
9.271319,1.028663,1.028663,1.391453
9.290978,1.014762,1.014762,1.374304
9.310637,1.000861,1.000861,1.357089
9.330295,0.986961,0.986961,1.339808
9.349954,0.973060,0.973060,1.322463
9.369613,0.959159,0.959159,1.305053
9.389272,0.945258,0.945258,1.287581
9.408930,0.931357,0.931357,1.270046
9.428589,0.917456,0.917456,1.252450
9.448248,0.903555,0.903555,1.234794
9.467907,0.889655,0.889655,1.217078
9.487565,0.875754,0.875754,1.199303
9.507224,0.861853,0.861853,1.181470
9.526883,0.847952,0.847952,1.163580
9.546542,0.834051,0.834051,1.145634
9.566201,0.820150,0.820150,1.127632
9.585859,0.806249,0.806249,1.109576
9.605518,0.792349,0.792349,1.091467
9.625177,0.778448,0.778448,1.073305
9.644836,0.764547,0.764547,1.055090
9.664494,0.750646,0.750646,1.036825
9.684153,0.736745,0.736745,1.018510
9.703812,0.722844,0.722844,1.000146
9.723471,0.708943,0.708943,0.981733
9.743130,0.695043,0.695043,0.963273
9.762788,0.681142,0.681142,0.944766
9.782447,0.667241,0.667241,0.926214
9.802106,0.653340,0.653340,0.907617
9.821765,0.639439,0.639439,0.888976
9.841423,0.625538,0.625538,0.870292
9.861082,0.611638,0.611638,0.851566
9.880741,0.597737,0.597737,0.832799
9.900400,0.583836,0.583836,0.813992
9.920059,0.569935,0.569935,0.795145
9.939717,0.556034,0.556034,0.776260
9.959376,0.542133,0.542133,0.757338
9.979035,0.528232,0.528232,0.738378
9.998694,0.514332,0.514332,0.719384
10.018352,0.500431,0.500431,0.700354
10.038011,0.486530,0.486530,0.681291
10.057670,0.472629,0.472629,0.662195
10.077329,0.458728,0.458728,0.643066
10.096987,0.444827,0.444827,0.623907
10.116646,0.430926,0.430926,0.604718
10.136305,0.417026,0.417026,0.585499
10.155964,0.403125,0.403125,0.566252
10.175623,0.389224,0.389224,0.546978
10.195281,0.375323,0.375323,0.527677
10.214940,0.361422,0.361422,0.508351
10.234599,0.347521,0.347521,0.489000
10.254258,0.333620,0.333620,0.469626
10.273916,0.319720,0.319720,0.450228
10.293575,0.305819,0.305819,0.430810
10.313234,0.291918,0.291918,0.411370
10.332893,0.278017,0.278017,0.391910
10.352552,0.264116,0.264116,0.372432
10.372210,0.250215,0.250215,0.352936
10.391869,0.236314,0.236314,0.333422
10.411528,0.222414,0.222414,0.313892
10.431187,0.208513,0.208513,0.294348
10.450845,0.194612,0.194612,0.274789
10.470504,0.180711,0.180711,0.255216
10.490163,0.166810,0.166810,0.235632
10.509822,0.152909,0.152909,0.216036
10.529481,0.139009,0.139009,0.196429
10.549139,0.125108,0.125108,0.176814
10.568798,0.111207,0.111207,0.157189
10.588457,0.097306,0.097306,0.137557
10.608116,0.083405,0.083405,0.117918
10.627774,0.069504,0.069504,0.098274
10.647433,0.055603,0.055603,0.078625
10.667092,0.041703,0.041703,0.058972
10.686751,0.027802,0.027802,0.039316
10.706409,0.013901,0.013901,0.019659
10.726068,0.000000,0.000000,0.000000
