defect,chain_blocks_m,max_rel_err_G00,top_mode_abs_err
light,5,9.2599e-01,1.0836e-13
light,10,5.9523e-01,8.8818e-16
light,20,2.3200e-01,0.0000e+00
light,40,4.6602e-02,0.0000e+00
light,60,1.1125e-02,8.8818e-16
light,80,2.8100e-03,0.0000e+00
light,100,6.1097e-04,0.0000e+00
light,120,1.2310e-04,0.0000e+00
light,140,2.4335e-05,8.8818e-16
light,160,4.8899e-06,0.0000e+00
heavy,5,9.4579e-01,4.4258e-02
heavy,10,4.7518e-01,1.6004e-02
heavy,20,2.1150e-01,4.7945e-03
heavy,40,5.0157e-02,1.1250e-03
heavy,60,1.2291e-02,3.5211e-04
heavy,80,2.9797e-03,6.9638e-05
heavy,100,6.3920e-04,3.6298e-06
heavy,120,1.2888e-04,7.2137e-09
heavy,140,2.5479e-05,8.5323e-12
heavy,160,4.8974e-06,9.3259e-15
