defect,omega,rho_00
light,0.100000,3.30677086e-03
light,0.200000,7.76802007e-03
light,0.300000,1.20532201e-02
light,0.400000,1.60672679e-02
light,0.500000,1.97825872e-02
light,0.600000,2.31903876e-02
light,0.700000,2.62870498e-02
light,0.800000,2.90746757e-02
light,0.900000,3.15593399e-02
light,1.000000,3.37419326e-02
light,1.100000,3.56172356e-02
light,1.200000,3.72032012e-02
light,1.300000,3.85108833e-02
light,1.400000,3.95083926e-02
light,1.500000,4.02021781e-02
light,1.600000,4.05655136e-02
light,1.700000,4.05695897e-02
light,1.800000,4.01930145e-02
light,1.900000,3.96015384e-02
light,2.000000,4.26615076e-02
light,2.100000,5.36610311e-02
light,2.200000,5.81099678e-02
light,2.300000,5.89202166e-02
light,2.400000,5.75521247e-02
light,2.500000,5.43707880e-02
light,2.600000,4.91520120e-02
light,2.700000,4.08585767e-02
light,2.800000,2.60757488e-02
light,2.900000,1.19822229e-02
light,3.000000,9.40641553e-03
light,3.100000,9.23046075e-03
light,3.200000,9.98039818e-03
light,3.300000,1.14384117e-02
light,3.400000,1.36871368e-02
light,3.500000,1.70061170e-02
light,3.600000,2.19402868e-02
light,3.700000,2.95222455e-02
light,3.800000,4.18266801e-02
light,3.900000,6.34729149e-02
light,4.000000,1.06427680e-01
light,4.100000,2.09717888e-01
light,4.200000,5.60561907e-01
light,4.260000,1.34824258e+00
light,4.280000,1.94455218e+00
light,4.300000,2.89468100e+00
light,4.320000,4.26387256e+00
light,4.340000,5.53480038e+00
light,4.360000,5.46083013e+00
light,4.380000,4.14766199e+00
light,4.400000,2.82610474e+00
light,4.420000,1.92085878e+00
light,4.440000,1.35021315e+00
heavy,0.100000,1.21646513e-01
heavy,0.200000,4.06526908e-01
heavy,0.300000,1.02945902e+00
heavy,0.400000,2.15390335e+00
heavy,0.500000,2.28464645e+00
heavy,0.600000,1.32895394e+00
heavy,0.700000,7.33839381e-01
heavy,0.800000,4.43245035e-01
heavy,0.900000,2.91102839e-01
heavy,1.000000,2.03638232e-01
heavy,1.100000,1.49263482e-01
heavy,1.200000,1.13332237e-01
heavy,1.300000,8.84647162e-02
heavy,1.400000,7.05638627e-02
heavy,1.500000,5.72772548e-02
heavy,1.600000,4.71465787e-02
heavy,1.700000,3.92382983e-02
heavy,1.800000,3.29220170e-02
heavy,1.900000,2.77498524e-02
heavy,2.000000,2.36957528e-02
heavy,2.100000,2.15886808e-02
heavy,2.200000,1.96103982e-02
heavy,2.300000,1.76831767e-02
heavy,2.400000,1.58856424e-02
heavy,2.500000,1.42326342e-02
heavy,2.600000,1.27083742e-02
heavy,2.700000,1.12674272e-02
heavy,2.800000,9.77654983e-03
heavy,2.900000,8.48220981e-03
